Column1;Column2;Column3;Column4;Column5;Column6
name;price;availability;delivery_deadline;technical_specs;link
Соединитель CP S254R-3 (PG9);Запросить цену;Цена c НДС:;Срок отгрузки: 1-3 дня;"Вид штекера: Прямой с клеммником
Кодировка: А-код
Материал гайки: Латунь
Максимальный рабочий ток, Imax: 4 А
Присоединение / Подключение: Кабель ? 3,5...8 мм / max 0,75 кв. мм
Световая индикация: без индикации
Материал корпуса: Пластик
Степень защиты по ГОСТ 14254-96: IP67
Количество контактов: 4
Рабочее напряжение, Uраб: ?250 В AC/DC
Диапазон рабочих температур: -25°С...+85°С
Соединение: M12
Сопротивление изоляции: >5х10^8 Ом
Сопротивление контакта: ?0,005 Ом
Вид: Вилка
Схема подключения нагрузки: Универсальная
Тип выходного контакта: Переключающий";https://teko-com.ru/product/cp-s254r-3-pg9.html
Соединитель CS S20-3-2;Запросить цену;Цена c НДС:;Срок отгрузки: 1-3 дня;"Рабочая температура max, °С : +85
Рабочая температура min, °С : -40
Кодировка: А-код
Максимальный рабочий ток, А: 4
Материал гайки: Латунь
Напряжение питания, В: ?250
Тип разъёма: Угловой
Присоединение / Подключение: Кабель 4x0,25 кв. мм
Световая индикация: Без индикации
Материал корпуса: Пластик
Степень защиты по ГОСТ 14254-96: IP67
Длина кабеля, м: 2
Количество контактов: 4
Способ подключения: Кабель
Соединение: M12
Сопротивление изоляции: >5х10^8 Ом
Сопротивление контакта: ?0,005 Ом
Вид: Розетка
Схема подключения нагрузки: Универсальная
Тип выходного контакта: Переключающий
Тип напряжения питания: AC/DC";https://teko-com.ru/product/cs-s20-3-2.html
Соединитель CP S255R-3 (PG9);Запросить цену;Цена c НДС:;Срок отгрузки: 1-3 дня;"Вид штекера: Угловой с клеммником
Кодировка: А-код
Материал гайки: Латунь
Максимальный рабочий ток, Imax: 4 А
Присоединение / Подключение: Кабель ? 3,5...8 мм / max 0,75 кв. мм
Световая индикация: без индикации
Материал корпуса: Пластик
Степень защиты по ГОСТ 14254-96: IP67
Количество контактов: 4
Рабочее напряжение, Uраб: ?250 В AC/DC
Диапазон рабочих температур: -25°С...+85°С
Соединение: M12
Сопротивление изоляции: >5х10^8 Ом
Сопротивление контакта: ?0,005 Ом
Вид: Вилка
Схема подключения нагрузки: Универсальная
Тип выходного контакта: Переключающий";https://teko-com.ru/product/cp-s255r-3-pg9.html
Бесконтактный выключатель ISB AC4S-43P-8-LZS4-C;Запросить цену;Цена c НДС:;Срок отгрузки: 1-3 дня;"Формат, мм: М18х1х62
Напряжение питания, Uраб.: 10...30 В DC
Падение напряжения при Iраб., Ud: «2,5В
Частота переключения, Fmax: 600 Гц
Присоединение / Подключение: CS S19-3, CS S20-3CS S25, CS S251...CS S261
Комплексная защита: Есть
Материал корпуса: 12Х18Н10Т
Индикация срабатывания: Есть
Коэффициент пульсаций питающего напряжения: «15%
Номинальный зазор (Сталь 35): 8 мм
Диапазон рабочих температур: -45 С...+65 С
Рабочий зазор (Сталь 35): 0...6,4 мм
Рабочий ток, Iраб.: «250 мА
Тип контакта : Переключающий (NO+NC)
Способ монтажа: Встраиваемый";https://teko-com.ru/product/isb-ac4s-43p-8-lzs4-c.html
Бесконтактный выключатель ISB A4A8-31P-5F-LZT1-C-P (с маркировкой кабеля);Запросить цену;Цена c НДС:;Срок отгрузки: 1-3 дня;"Диаметр резьбового корпуса: M18
Длина в мм.: 54
Размер корпуса, ДxШxДл : M18x1x54
Номинальное расстояние срабатывания: 5 мм
Тип корпуса: Цилиндрический резьбовой
Тип монтажа: Встраиваемый
Максимальный рабочий ток, Imax: 400 мА
Диапазон рабочих напряжений, Uраб.: 10...30 В DC
Падение напряжения при Imax, Ud: ?2,5 В
Тип контакта / Структура выхода: PNP Замыкающий
Частота переключения, Fmax: 600 Гц
Присоединение / Подключение: Кабель 3х1 кв. мм
Световая индикация: Есть
Комплексная защита: Есть
Материал корпуса: Д16Т
Степень защиты по ГОСТ 14254-96: IP68
Способ подключения: Кабель
Диапазон рабочих температур: -45°C...+65°C
Рабочий зазор: 0...4 мм
Со специальными электрическими параметрами: повышенной помехозащищённости
Специальное назначение: автотранспортное исполнение
Схема подключения: 3х проводный";https://teko-com.ru/product/isb-a4a8-31p-5f-lzt1-c-p.html
Соединитель клеммный VELLEDQ M12-F04T (розетка);940 р.;Цена c НДС:;Срок отгрузки: 1-3 дня;"Вид штекера: Прямой с клеммником
Кодировка: А-код
Материал гайки: Латунь
Максимальный рабочий ток, Imax: 4 А
Присоединение / Подключение: Кабель ? 3,5…6,5 мм / max сечение 0,75 кв. мм
Световая индикация: без индикации
Материал корпуса: Пластик
Степень защиты по ГОСТ 14254-96: IP65
Количество контактов: 4
Рабочее напряжение, Uраб: 250 В AC/DC
Диапазон рабочих температур: -25°С … 85°С
Соединение: M12
Сопротивление изоляции: >5х10^8 Ом
Сопротивление контакта: ?0,005 Ом
Вид: Розетка
Схема подключения нагрузки: Универсальная";https://teko-com.ru/product/m12-f04t.html
Бесконтактный выключатель ISBt A2A8-31P-4-LZ-C-VP1;Запросить цену;Цена c НДС:;Срок отгрузки: 1-3 дня;"Диаметр резьбового корпуса: M12
Длина в мм.: 61
Размер корпуса, ДxШxДл : M12x1x61
Номинальное расстояние срабатывания: 4 мм
Тип монтажа: Встраиваемый
Диапазон рабочих напряжений, Uраб.: 10...30 В DC
Падение напряжения при Imax, Ud: ?2,5 В
Тип контакта / Структура выхода: PNP Замыкающий
Частота переключения, Fmax: 900 Гц
Присоединение / Подключение: Кабель 3х0,34мм? , Длина 2м*
Световая индикация: Есть
Комплексная защита: Есть
Материал корпуса: Д16Т
Степень защиты по ГОСТ 14254-96: IP68
Диапазон рабочих токов, Iраб.: ?250 мА
Способ подключения: Кабель
Диапазон рабочих температур: -45°C...+65°C
Рабочий зазор: 0...3,2 мм
Со специальными электрическими параметрами: повышенной помехозащищённости
Специальное назначение: автотранспортное исполнение
Схема подключения: 3х проводный";https://teko-com.ru/product/isbt-a2a8-31p-4-lz-c-p1-v.html
Соединитель CS S19L-3-2;Запросить цену;Цена c НДС:;Срок отгрузки: 1-3 дня;"Рабочая температура max, °С : +90
Рабочая температура min, °С : -30
Кодировка: А-код
Максимальный рабочий ток, А: 4
Материал гайки: Латунь
Напряжение питания, В: ?250
Тип разъёма: Прямой
Присоединение / Подключение: Кабель 4x0,34 кв. мм
Световая индикация: Без индикации
Материал корпуса: Пластик
Степень защиты по ГОСТ 14254-96: IP67
Длина кабеля, м: 2
Количество контактов: 4
Способ подключения: Кабель
Соединение: M12
Сопротивление изоляции: >5х10^8 Ом
Сопротивление контакта: ?0,005 Ом
Вид: Розетка
Схема подключения нагрузки: Универсальная
Тип выходного контакта: Переключающий
Тип напряжения питания: AC/DC";https://teko-com.ru/product/cs-s19l-3-2.html
Магнитный датчик положения ТЕКО MS FE8PM-21;900 р.;Цена c НДС:;Срок отгрузки: 1-3 дня;"Высота, мм: 5
Длина кабеля,м: 2
Длина, мм: 31
Для пневмоцилиндров с Т-пазом: Да
Индикация: Нет
Кол-во контактов: 2
Комплексная защита: Нет
Корпус: Прямоугольный
Максимальная рабочая температура, °С: 75
Максимальный рабочий ток, мА: 100
Материал корпуса: Пластик
Минимальная рабочая температура, °С: -25
Напряжение питания, В: 5 ... 30
Обозначение материала корпуса: Полиамид
Сечение кабеля, мм?: 2x0,12
Способ подключения: Кабель
Степень защиты: IР67
Тип выходного сигнала: Cухой контакт
Тип датчика: Герконовый
Тип напряжения питания: AC/DC
Тип сигнала: Дискретный
Функция переключения: НО Замыкающий
Частота переключения, Гц: 150
Ширина, мм: 5";https://teko-com.ru/product/ms-fe8pm-21.html
Датчик уровня ёмкостный ВТИЮ.3240;Запросить цену;Цена c НДС:;Срок отгрузки: 1-3 дня;"Рабочая жидкость: (охлаждающая жидкость на основе моноэтиленгликоля, вода
Номинальный уровень срабатывания, мм: 0 ± 2 мм (при горизонтальном размещении); 18± 5 мм (при вертикальном размещении чувств. элементом вниз)
Диапазон рабочих напряжений, Uраб.: 9...32 В DC
Номинальное напряжение питания, Uном.: 12 В / 24 В DC
Диапазон температур окружающей среды: -50°С...+105°С
Диапазон температур рабочей жидкости: -50°С...+125°С
Комплексная защита: есть
Материал корпуса: ЛС59-1
Степень защиты по ГОСТ 14254-96: IР68 - со стороны чувствительного элементаIР67 - остальное
Гистерезис: ?3 мм
Задержка срабатывания: 5+/-2 с
Коэффициент пульсаций питающего напряжения: ?15%
Материал чувствительной поверхности: ЛС-59 / POM
Падение напряжения при Iраб: ?0,5В
Принцип измерения: Ёмкостный
Способ подключения: Разъем Superseal 1.5, 3 контакта
Структура выхода: NPN
Тип контакта : Нормально замкнутый (NC)";https://teko-com.ru/product/vtiju-3240.html
Бесконтактный выключатель ISN F2A-31P-4-L-C;Запросить цену;Цена c НДС:;Срок отгрузки: 1-3 дня;"Диаметр резьбового корпуса: M12
Длина в мм.: 41,5
Размер корпуса, ДxШxДл : M12x1x41,5
Номинальное расстояние срабатывания: 4 мм
Тип корпуса: Цилиндрический резьбовой
Тип монтажа: Невстраиваемый
Максимальный рабочий ток, Imax: 250 мА
Диапазон рабочих напряжений, Uраб.: 10...30 В DC
Падение напряжения при Imax, Ud: ?1,5 В
Тип контакта / Структура выхода: PNP Замыкающий
Частота переключения, Fmax: 600 Гц
Присоединение / Подключение: Кабель 3x0,12 кв. мм
Световая индикация: Есть
Комплексная защита: Нет
Материал корпуса: Д16Т
Степень защиты по ГОСТ 14254-96: IP67
Для жестких условий окружающей среды: температурный диапазон -45°C...+65°C
Кол-во проводов: 3
Коэффициент пульсаций питающего напряжения: ?15%
Способ подключения: Кабель
Диапазон рабочих температур: -45°C...+65°C
Рабочий зазор: 0...3,2 мм
Схема подключения: 3х проводный";https://teko-com.ru/product/isn-f2a-31p-4-l-c.html
Соединитель CS S19-3-2;Запросить цену;Цена c НДС:;Срок отгрузки: 1-3 дня;"Рабочая температура max, °С : +85
Рабочая температура min, °С : -40
Кодировка: А-код
Максимальный рабочий ток, А: 4
Материал гайки: Латунь
Напряжение питания, В: ?250
Тип разъёма: Прямой
Присоединение / Подключение: Кабель 4x0,25 кв. мм
Световая индикация: Без индикации
Материал корпуса: Пластик
Степень защиты по ГОСТ 14254-96: IP67
Длина кабеля, м: 2
Количество контактов: 4
Способ подключения: Кабель
Соединение: M12
Сопротивление изоляции: >5х10^8 Ом
Сопротивление контакта: ?0,005 Ом
Вид: Розетка
Схема подключения нагрузки: Универсальная
Тип выходного контакта: Переключающий
Тип напряжения питания: AC/DC";https://teko-com.ru/product/cs-s19-3-2.html
Соединитель CS S255R-05 (PG7);Запросить цену;Цена c НДС:;Срок отгрузки: 1-3 дня;"Вид штекера: Угловой с клеммником
Кодировка: А-код
Материал гайки: Латунь
Максимальный рабочий ток, Imax: 4 А
Присоединение / Подключение: Кабель ? 2,5...6 мм / max 0,75 кв. мм
Световая индикация: без индикации
Материал корпуса: Пластик
Степень защиты по ГОСТ 14254-96: IP67
Количество контактов: 5
Рабочее напряжение, Uраб: ?60 В AC/DC
Диапазон рабочих температур: -40°С...+90°С
Соединение: M12
Сопротивление изоляции: >5х10^8 Ом
Сопротивление контакта: ?0,005 Ом
Вид: Розетка
Схема подключения нагрузки: Универсальная
Тип выходного контакта: Переключающий";https://teko-com.ru/product/cs-s255r-05-pg7.html
Соединитель CS S19-1-2;Запросить цену;Цена c НДС:;Срок отгрузки: 1-3 дня;"Рабочая температура max, °С : +85
Рабочая температура min, °С : -40
Кодировка: А-код
Максимальный рабочий ток, А: 4
Материал гайки: Латунь
Напряжение питания, В: ?250
Тип разъёма: Прямой
Присоединение / Подключение: Кабель 3x0,34 кв. мм
Световая индикация: Без индикации
Материал корпуса: Пластик
Степень защиты по ГОСТ 14254-96: IP67
Длина кабеля, м: 2
Количество контактов: 3
Способ подключения: Кабель
Соединение: M12
Сопротивление изоляции: >5х10^8 Ом
Сопротивление контакта: ?0,005 Ом
Вид: Розетка
Схема подключения нагрузки: Универсальная
Тип выходного контакта: Замыкающий
Тип напряжения питания: AC/DC";https://teko-com.ru/product/cs-s19-1-2.html
Магнитная система SM3;Запросить цену;Цена c НДС:;Срок отгрузки: 1-3 дня;"Размер прямоугольного корпуса, ДлxВxШ: 56х12х16
Тип корпуса: Прямоугольный
Материал корпуса: Полиамид
Материал магнита: Феррит
Диапазон рабочих температур: -45°С...+150°С";https://teko-com.ru/product/magnitnaya-sistema-sm3.html
Соединитель клеммный VELLEDQ M12-F04S (розетка);940 р.;Цена c НДС:;Срок отгрузки: 1-3 дня;"Вид штекера: Угловой с клеммником
Кодировка: А-код
Материал гайки: Латунь
Максимальный рабочий ток, Imax: 4 А
Присоединение / Подключение: Кабель ? 3,5…6,5 мм / max сечение 0,75 кв. мм
Световая индикация: без индикации
Материал корпуса: Пластик
Степень защиты по ГОСТ 14254-96: IP65
Количество контактов: 4
Рабочее напряжение, Uраб: 250 В AC/DC
Диапазон рабочих температур: -25°С … 85°С
Соединение: M12
Сопротивление изоляции: >5х10^8 Ом
Сопротивление контакта: ?0,005 Ом
Вид: Розетка
Схема подключения нагрузки: Универсальная";https://teko-com.ru/product/m12-f04s.html
Магнитный датчик положения ТЕКО MS FE8PM-41-L;1 020 р.;Цена c НДС:;Срок отгрузки: 1-3 дня;"Высота, мм: 5
Длина кабеля,м: 2
Длина, мм: 31
Для пневмоцилиндров с Т-пазом: Да
Индикация: Есть
Кол-во контактов: 3
Комплексная защита: Нет
Корпус: Прямоугольный
Максимальная рабочая температура, °С: 75
Максимальный рабочий ток, мА: 100
Материал корпуса: Пластик
Минимальная рабочая температура, °С: -25
Напряжение питания, В: 5 ... 30
Обозначение материала корпуса: Полиамид
Сечение кабеля, мм?: 3x0,12
Способ подключения: Кабель
Степень защиты: IP67
Тип выходного сигнала: Cухой контакт
Тип датчика: Герконовый
Тип напряжения питания: AC/DC
Тип сигнала: Дискретный
Функция переключения: НО Замыкающий
Частота переключения, Гц: 150
Ширина, мм: 5";https://teko-com.ru/product/ms-fe8pm-41-l.html
Бесконтактный выключатель ISB B11B-31N-1,5-L;Запросить цену;Цена c НДС:;Срок отгрузки: 1-3 дня;"Диаметр резьбового корпуса: M8
Длина в мм.: 35
Размер корпуса, ДxШxДл : M8x1x35
Номинальное расстояние срабатывания: 1,5 мм
Тип корпуса: Цилиндрический резьбовой
Тип монтажа: Встраиваемый
Максимальный рабочий ток, Imax: 200 мА
Диапазон рабочих напряжений, Uраб.: 10...30 В DC
Падение напряжения при Imax, Ud: ?1,5 В
Тип контакта / Структура выхода: NPN Замыкающий
Частота переключения, Fmax: 1500 Гц
Присоединение / Подключение: Кабель 3x0,12 кв. мм
Световая индикация: Есть
Комплексная защита: Нет
Материал корпуса: ЛС59-1
Степень защиты по ГОСТ 14254-96: IP67
Кол-во проводов: 3
Коэффициент пульсаций питающего напряжения: ?15%
Способ подключения: Кабель
Диапазон рабочих температур: -25°С...+75°С
Рабочий зазор: 0...1,2 мм
Схема подключения: 3х проводный";https://teko-com.ru/product/isb-b11b-31n-1-5-l.html
Соединитель CS S20-4-2;Запросить цену;Цена c НДС:;Срок отгрузки: 1-3 дня;"Рабочая температура max, °С : +85
Рабочая температура min, °С : -40
Кодировка: А-код
Максимальный рабочий ток, А: 4
Материал гайки: Латунь
Напряжение питания, В: 10...30
Тип разъёма: Угловой
Присоединение / Подключение: Кабель 3x0,34 кв. мм
Световая индикация: с индикацией
Материал корпуса: Пластик
Степень защиты по ГОСТ 14254-96: IP67
Длина кабеля, м: 2
Количество контактов: 3
Способ подключения: Кабель
Соединение: M12
Сопротивление изоляции: >5х10^8 Ом
Сопротивление контакта: ?0,005 Ом
Вид: Розетка
Схема подключения нагрузки: PNP
Тип выходного контакта: Замыкающий
Тип напряжения питания: DC";https://teko-com.ru/product/cs-s20-4-2.html
Соединитель клеммный VELLEDQ M12-M04T (вилка);940 р.;Цена c НДС:;Срок отгрузки: 1-3 дня;"Вид штекера: Прямой с клеммником
Кодировка: А-код
Материал гайки: Латунь
Максимальный рабочий ток, Imax: 4 А
Присоединение / Подключение: Кабель ? 3,5…6,5 мм / max сечение 0,75 кв. мм
Световая индикация: без индикации
Материал корпуса: Пластик
Степень защиты по ГОСТ 14254-96: IP65
Количество контактов: 4
Рабочее напряжение, Uраб: 250 В AC/DC
Диапазон рабочих температур: -25°С … 85°С
Соединение: M12
Сопротивление изоляции: >5х10^8 Ом
Сопротивление контакта: ?0,005 Ом
Вид: Вилка
Схема подключения нагрузки: Универсальная";https://teko-com.ru/product/m12-m04t.html
Магнитный датчик положения ТЕКО взрывозащищенный MS FE8A-N-8;Запросить цену;Цена c НДС:;Срок отгрузки: 1-3 дня;"Длина кабеля,м: 8
Для пневмоцилиндров с Т-пазом: Да
Индикация: Нет
Кол-во контактов: 2
Комплексная защита: Нет
Корпус: Прямоугольный
Максимальная рабочая температура, °С: 75
Максимальный рабочий ток, мА: 110
Материал корпуса: Алюминий
Минимальная рабочая температура, °С: -25
Обозначение материала корпуса: Д16Т
Сечение кабеля, мм?: 2x0,12
Специальное назначение: Взрывобезопасное исполнение
Способ подключения: Кабель
Степень защиты: IP67
Тип выходного сигнала: Namur
Тип датчика: Герконовый
Тип напряжения питания: DC
Тип сигнала: Дискретный
Функция переключения: НО Замыкающий";https://teko-com.ru/product/ms-fe8a-n-8.html
Бесконтактный выключатель ISB B1B-31P-1,5F-LP-C;Запросить цену;Цена c НДС:;Срок отгрузки: 1-3 дня;"Диаметр резьбового корпуса: M8
Длина в мм.: 35
Размер корпуса, ДxШxДл : M8x0,5x35
Номинальное расстояние срабатывания: 1,5 мм
Тип корпуса: Цилиндрический резьбовой
Тип монтажа: Встраиваемый
Максимальный рабочий ток, Imax: 400 мА
Диапазон рабочих напряжений, Uраб.: 10...30 В DC
Падение напряжения при Imax, Ud: ?2,5 В
Тип контакта / Структура выхода: PNP Замыкающий
Частота переключения, Fmax: 1500 Гц
Присоединение / Подключение: Кабель 3x0,12 кв. мм
Световая индикация: Есть
Комплексная защита: Нет
Материал корпуса: ЛС59-1
Степень защиты по ГОСТ 14254-96: IP67
Для жестких условий окружающей среды: температурный диапазон -45°C...+65°C
Защита от переполюсовки: Есть
Кол-во проводов: 3
Коэффициент пульсаций питающего напряжения: ?15%
Способ подключения: Кабель
Диапазон рабочих температур: -45°C...+65°C
Рабочий зазор: 0...1,2 мм
Схема подключения: 3х проводный";https://teko-com.ru/product/isb-b1b-31p-1-5f-lp-c.html
Бесконтактный выключатель CSN E88P-862-20-L;Запросить цену;Цена c НДС:;Срок отгрузки: 1-3 дня;"Диаметр резьбового корпуса: M30
Длина в мм.: 101
Размер корпуса, ДxШxДл : M30x1,5x101
Тип корпуса: Цилиндрический резьбовой
Тип монтажа: Невстраиваемый
Диапазон рабочих напряжений, Uраб.: 24...250 В AC / 24 В DC
Тип контакта / Структура выхода: Реле / Переключающий
Присоединение / Подключение: Кабель ПМВ 5х0,34 мм кв.
Световая индикация: Есть
Материал корпуса: Полимер
Степень защиты по ГОСТ 14254-96: IP67
Диапазон регулировки задержки отключения: 2...60 с
Заводская настройка задержки: 2 с
Измерение: Дискретное (пороговое)
Коммутируемый переменный ток: 0,1...4 А
Коммутируемый постоянный ток: 0,1...2 А
Максимально коммутируемое переменное напряжение: 250 В
Максимально коммутируемое постоянное напряжение: 30 В
Номинальное расстояние срабатывания: 20 мм
Принцип измерения: Ёмкостный
Способ подключения: Кабель
Диапазон рабочих температур: -25°С...+75°С
Рабочий зазор: 0...16 мм
Схема подключения: 5ти проводный
Функция выходного сигнала (2): ИЛИ Переключающий";https://teko-com.ru/product/csn-e88p-862-20-l-emk.html
Магнитная система SM31;Запросить цену;Цена c НДС:;Срок отгрузки: 1-3 дня;"Размер прямоугольного корпуса, ДлxВxШ: 56х12х16
Тип корпуса: Прямоугольный
Материал корпуса: Полиамид
Материал магнита: Ниодим-Железо-Бор
Диапазон рабочих температур: -60°С...+80°С";https://teko-com.ru/product/sm31.html
Магнитный датчик положения ТЕКО MS A28PH-240-4,5;Запросить цену;Цена c НДС:;Срок отгрузки: 1-3 дня;"Диаметр цилиндрического корпуса: М12x1
Длина кабеля,м: 4.5
Длина цилиндрического корпуса, мм: 102
Для пневмоцилиндров с Т-пазом: Нет
Индикация: Нет
Комплексная защита: Нет
Корпус: Цилиндрический резьбовой
Максимальная рабочая температура, °С: 75
Максимальный рабочий ток, мА: 1000
Материал корпуса: Пластик
Минимальная рабочая температура, °С: -25
Напряжение питания, В: 220
Обозначение материала корпуса: Полиамид
Сечение кабеля, мм?: 2x0,34
Способ подключения: Кабель
Степень защиты: IP67
Тип выходного сигнала: Cухой контакт
Тип датчика: Герконовый
Тип напряжения питания: AC/DC
Тип сигнала: Дискретный
Функция переключения: Бистабильный
Частота переключения, Гц: 25";https://teko-com.ru/product/ms-a28ph-240-4-5.html
Бесконтактный выключатель ISN FC2A-32P-4-LS4;Запросить цену;Цена c НДС:;Срок отгрузки: 1-3 дня;"Диаметр резьбового корпуса: M12
Длина в мм.: 57
Размер корпуса, ДxШxДл : M12x1x57
Номинальное расстояние срабатывания: 4 мм
Тип корпуса: Цилиндрический резьбовой
Тип монтажа: Невстраиваемый
Максимальный рабочий ток, Imax: 250 мА
Диапазон рабочих напряжений, Uраб.: 10...30 В DC
Падение напряжения при Imax, Ud: ?1,5 В
Тип контакта / Структура выхода: PNP Размыкающий
Частота переключения, Fmax: 600 Гц
Присоединение / Подключение: Соединитель S19, S20
Световая индикация: Есть
Комплексная защита: Нет
Материал корпуса: Д16Т
Степень защиты по ГОСТ 14254-96: IP67
Кол-во проводов: 3
Способ подключения: Разъемно-штекерное
Диапазон рабочих температур: -25°С...+75°С
Рабочий зазор: 0...3,2 мм
Схема подключения: 3х проводный";https://teko-com.ru/product/isn-fc2a-32p-4-ls4.html
Магнитный датчик положения ТЕКО MS FE8A-41-L;Запросить цену;Цена c НДС:;Срок отгрузки: 1-3 дня;"Высота, мм: 6.3
Длина кабеля,м: 2
Длина, мм: 29
Для пневмоцилиндров с Т-пазом: Да
Индикация: Есть
Кол-во контактов: 3
Комплексная защита: Нет
Корпус: Прямоугольный
Максимальная рабочая температура, °С: 75
Максимальный рабочий ток, мА: 250
Материал корпуса: Алюминий
Минимальная рабочая температура, °С: -25
Напряжение питания, В: 5 ... 30
Обозначение материала корпуса: Д16Т
Сечение кабеля, мм?: 3x0,12
Способ подключения: Кабель
Степень защиты: IР67
Тип выходного сигнала: Cухой контакт
Тип датчика: Герконовый
Тип напряжения питания: AC/DC
Тип сигнала: Дискретный
Функция переключения: НО Замыкающий
Частота переключения, Гц: 400
Ширина, мм: 4.3";https://teko-com.ru/product/ms-fe8a-41-l.html
Бесконтактный выключатель ISBt AC27B8-32P-4F-LTR9-C-P1-0,2;Запросить цену;Цена c НДС:;Срок отгрузки: 1-3 дня;"Диаметр резьбового корпуса: M12
Длина в мм.: 68,5
Размер корпуса, ДxШxДл : M12x1x68,5
Номинальное расстояние срабатывания: 4 мм
Тип монтажа: Встраиваемый
Максимальный рабочий ток, Imax: 400 мА
Диапазон рабочих напряжений, Uраб.: 10...30 В DC
Падение напряжения при Imax, Ud: ?1,5 В
Тип контакта / Структура выхода: PNP Размыкающий
Частота переключения, Fmax: 600 Гц
Световая индикация: Есть
Материал корпуса: ЛС59-1
Степень защиты по ГОСТ 14254-96: IP68
Коэффициент пульсаций питающего напряжения: ?15% Помехозащищен
Способ подключения: Разъемно-штекерное
Диапазон рабочих температур: -45°C...+65°C
Рабочий зазор: 0...3,2 мм
Схема подключения: 3х проводный";https://teko-com.ru/product/isbt-ac27b8-32p-4f-ltr9-c-p1-0-2.html
Аварийный тросовый выключатель АТВ-0101;Запросить цену;Цена c НДС:;Срок отгрузки: 1-3 дня;"Усилие на тяге, вызывающее срабатывание изделия (разрывание цепей), не более, Н: 100
Количество и тип контактов: 1 нормально замкнутый, 1 нормально разомкнутый
Коммутируемое напряжение, не более: 250 В АС/DC
Масса, не более, кг: 2,5
Материал корпуса: Алюминиевый сплав
Степень защиты по ГОСТ 14254-96: IP54
Габаритный размер, мм: 253x255x116
Защита от короткого замыкания нагрузки: нет
Защита от перегрузки: нет
Коммутируемый ток, не более: 5 А
Способ подключения: Клеммная колодка ?4...8мм/0,35...2,5мм?
Диапазон рабочих температур: -45°C...+65°C
Вид: аварийный тросовый выключатель";https://teko-com.ru/product/atv-0101.html
Соединитель клеммный VELLEDQ M12-F05S (розетка);1 000 р.;Цена c НДС:;Срок отгрузки: 1-3 дня;"Вид штекера: Угловой с клеммником
Кодировка: А-код
Материал гайки: Латунь
Максимальный рабочий ток, Imax: 4 А
Присоединение / Подключение: Кабель ? 3,5…6,5 мм / max сечение 0,75 кв. мм
Световая индикация: без индикации
Материал корпуса: Пластик
Степень защиты по ГОСТ 14254-96: IP65
Количество контактов: 5
Рабочее напряжение, Uраб: 125 В AC/DC
Диапазон рабочих температур: -25°С … 85°С
Соединение: M12
Сопротивление изоляции: >5х10^8 Ом
Сопротивление контакта: ?0,005 Ом
Вид: Розетка
Схема подключения нагрузки: Универсальная";https://teko-com.ru/product/m12-f05s.html
Бесконтактный выключатель ISB AF4B-31P-5-LZ-4,5;Запросить цену;Цена c НДС:;Срок отгрузки: 1-3 дня;"Формат, мм: М18х1х65
Напряжение питания, Uраб.: 10...30 В DC
Падение напряжения при Iраб., Ud: «2,5В
Частота переключения, Fmax: 600 Гц
Присоединение / Подключение: Кабель 3х0,34мм2; L=4,5м
Комплексная защита: Есть
Материал корпуса: ЛС59-1
Индикация срабатывания: Есть
Коэффициент пульсаций питающего напряжения: «15%
Номинальный зазор (Сталь 35): 5 мм
Диапазон рабочих температур: -25 С...+75 С
Рабочий зазор (Сталь 35): 0...4 мм
Рабочий ток, Iраб.: «250 мА
Тип контакта : Нормально разомкнутый (NO)
Способ монтажа: Встраиваемый";https://teko-com.ru/product/isb-af4b-31p-5-lz-4-5.html
Бесконтактный выключатель ISN EF4A-32N-8-LZ-C;Запросить цену;Цена c НДС:;Срок отгрузки: 1-3 дня;"Диаметр резьбового корпуса: M18
Длина в мм.: 76
Размер корпуса, ДxШxДл : M18x1x76
Номинальное расстояние срабатывания: 8 мм
Тип корпуса: Цилиндрический резьбовой
Тип монтажа: Невстраиваемый
Максимальный рабочий ток, Imax: 250 мА
Диапазон рабочих напряжений, Uраб.: 10...30 В DC
Падение напряжения при Imax, Ud: ?2,5 В
Тип контакта / Структура выхода: NPN Размыкающий
Частота переключения, Fmax: 300 Гц
Присоединение / Подключение: Кабель 3х0,34 кв. мм
Световая индикация: Есть
Комплексная защита: Есть
Материал корпуса: Д16Т
Степень защиты по ГОСТ 14254-96: IP67
Для жестких условий окружающей среды: температурный диапазон -45°C...+65°C
Кол-во проводов: 3
Способ подключения: Кабель
Диапазон рабочих температур: -45°C...+65°C
Рабочий зазор: 0...6,4 мм
Специальное исполнение: для низких температур
Схема подключения: 3х проводный";https://teko-com.ru/product/isn-ef4a-32n-8-lz-c.html
Соединитель CP S255R-3 (PG7);Запросить цену;Цена c НДС:;Срок отгрузки: 1-3 дня;"Вид штекера: Угловой с клеммником
Кодировка: А-код
Материал гайки: Латунь
Максимальный рабочий ток, Imax: 4 А
Присоединение / Подключение: Кабель ? 2,5...6 мм / max 0,75 кв. мм
Световая индикация: без индикации
Материал корпуса: Пластик
Степень защиты по ГОСТ 14254-96: IP67
Количество контактов: 4
Рабочее напряжение, Uраб: ?250 В AC/DC
Диапазон рабочих температур: -25°С...+85°С
Соединение: M12
Сопротивление изоляции: >5х10^8 Ом
Сопротивление контакта: ?0,005 Ом
Вид: Вилка
Схема подключения нагрузки: Универсальная
Тип выходного контакта: Переключающий";https://teko-com.ru/product/cp-s255r-3-pg7.html
Бесконтактный выключатель ISB BS7A-10-N;Запросить цену;Цена c НДС:;Срок отгрузки: 1-3 дня;"Диаметр резьбового корпуса: M30
Длина в мм.: 26
Размер корпуса, ДxШxДл : M30x1,5x26
Номинальное расстояние срабатывания: 10 мм
Тип монтажа: Встраиваемый
Диапазон рабочих напряжений, Uраб.: 7,7...9 В DC
Номинальное напряжение питания, Uном.: 8,2 В
Тип контакта / Структура выхода: размыкающий контакт
Частота переключения, Fmax: 300 Гц
Присоединение / Подключение: Кабель 2х0,34 кв. мм
Материал корпуса: Д16Т
Степень защиты по ГОСТ 14254-96: IP67
Входное сопротивление согласующего усилителя: 500...1000 Ом
Выходной ток на включение: ?1,8 мА
Выходной ток на отключение: ?1,5 мА
Выходной ток с демпфированным генератором: 0,1...1,0 мА
Выходной ток с недемпфированным генератором: 2,2...6,0 мА
Гистерезис: ?15%
Добавочное сопротивление между выключателем и усилителем: 0...50 Ом
Кол-во проводов: 2
Номинальное входное сопротивление согласующего усилителя (1): 1000 Ом
Способ подключения: Кабель
Пульсация питающих напряжений: ?10%
Диапазон рабочих температур: -25°С...+75°С
Рабочий зазор: 0...8 мм
Собственная емкость выключателя: ?30 нФ
Специальное исполнение: Взрывобезопасное исполнение
Схема подключения: 2х проводный
Тип датчика: Индуктивный";https://teko-com.ru/product/isb-bs7a-10-n.html
Бесконтактный выключатель ISB AC4A-31P-8-LZS4;Запросить цену;Цена c НДС:;Срок отгрузки: 1-3 дня;"Диаметр резьбового корпуса: M18
Длина в мм.: 62
Размер корпуса, ДxШxДл : M18x1x62
Номинальное расстояние срабатывания: 8 мм
Тип корпуса: Цилиндрический резьбовой
Тип монтажа: Встраиваемый
Максимальный рабочий ток, Imax: 250 мА
Диапазон рабочих напряжений, Uраб.: 10...30 В DC
Падение напряжения при Imax, Ud: ?2,5 В
Тип контакта / Структура выхода: PNP Замыкающий
Частота переключения, Fmax: 600 Гц
Присоединение / Подключение: Соединитель S19, S20
Световая индикация: Есть
Комплексная защита: Есть
Материал корпуса: Д16Т
Степень защиты по ГОСТ 14254-96: IP67
Кол-во проводов: 3
Способ подключения: Разъемно-штекерное
Диапазон рабочих температур: -10°С...+60°С
Рабочий зазор: 0...6,4 мм
Специальное назначение: Общепромышленное исполнение
Схема подключения: 3х проводный";https://teko-com.ru/product/isb-ac4a-31p-8-lzs4.html
Бесконтактный выключатель ISN ET8A-31P-15-LZ;Запросить цену;Цена c НДС:;Срок отгрузки: 1-3 дня;"Диаметр резьбового корпуса: M30
Длина в мм.: 97
Размер корпуса, ДxШxДл : M30x1,5x97
Номинальное расстояние срабатывания: 15 мм
Тип корпуса: Цилиндрический резьбовой
Тип монтажа: Невстраиваемый
Максимальный рабочий ток, Imax: 400 мА
Диапазон рабочих напряжений, Uраб.: 10...30 В DC
Падение напряжения при Imax, Ud: ?2,5 В
Тип контакта / Структура выхода: PNP Замыкающий
Частота переключения, Fmax: 100 Гц
Присоединение / Подключение: Клеммник
Световая индикация: Есть
Комплексная защита: Есть
Материал корпуса: Д16Т
Степень защиты по ГОСТ 14254-96: IP67
Кол-во проводов: 3
Способ подключения: Клеммы
Диапазон рабочих температур: -25°С...+75°С
Рабочий зазор: 0...12 мм
Схема подключения: 3х проводный";https://teko-com.ru/product/isn-et8a-31p-15-lz.html
Бесконтактный выключатель CSN E41P5-025-10-L;Запросить цену;Цена c НДС:;Срок отгрузки: 1-3 дня;"Диаметр резьбового корпуса: M18
Длина в мм.: 76,5
Размер корпуса, ДxШxДл : M18x1x76,5
Тип монтажа: Невстраиваемый
Диапазон рабочих напряжений, Uраб.: 20...250 В AC
Остаточный ток: ?2,5 мА
Падение напряжения при Iраб, Ud (1): ?5 В
Тип контакта / Структура выхода: Размыкающий
Присоединение / Подключение: Кабель 2х0,34 кв. мм
Световая индикация: Есть
Материал корпуса: Полимер
Степень защиты по ГОСТ 14254-96: IP65
Гистерезис: 5...20%
Задержка отпускания (фиксированная): 60 с.
Максимальный ток, Imax при t <=20 мс и <=1 Гц: 3 А
Номинальное расстояние срабатывания: 10 мм
Способ подключения: Кабель
Диапазон рабочих температур: -25°С...+75°С
Рабочий зазор: 0...8 мм
Рабочий ток, Iраб.: 5…500 мА
Схема подключения: 2х проводный";https://teko-com.ru/product/csn-e41p5-025-10-l.html
Бесконтактный выключатель ISBt AC4A8-31P-5F-LZS4-C-P;Запросить цену;Цена c НДС:;Срок отгрузки: 1-3 дня;"Диаметр резьбового корпуса: M18
Длина в мм.: 62
Размер корпуса, ДxШxДл : M18x1x62
Номинальное расстояние срабатывания: 5 мм
Тип корпуса: Цилиндрический резьбовой
Тип монтажа: Встраиваемый
Максимальный рабочий ток, Imax: 400 мА
Диапазон рабочих напряжений, Uраб.: 10...30 В DC
Падение напряжения при Imax, Ud: ?2,5 В
Тип контакта / Структура выхода: PNP Замыкающий
Частота переключения, Fmax: 600 Гц
Присоединение / Подключение: Соединитель S19, S20
Световая индикация: Есть
Комплексная защита: Есть
Материал корпуса: Д16Т
Степень защиты по ГОСТ 14254-96: IP68
Способ подключения: Разъемно-штекерное
Диапазон рабочих температур: -45°C...+65°C
Рабочий зазор: 0...4 мм
Со специальными электрическими параметрами: повышенной помехозащищённости
Специальное назначение: автотранспортное исполнение
Схема подключения: 3х проводный";https://teko-com.ru/product/isbt-ac4a8-31p-5f-lzs4-c-p.html
Соединитель CS S19-2-2-C;Запросить цену;Цена c НДС:;Срок отгрузки: 1-3 дня;"Рабочая температура max, °С : +85
Рабочая температура min, °С : -50
Кодировка: А-код
Максимальный рабочий ток, А: 4
Материал гайки: Латунь
Напряжение питания, В: ?250
Тип разъёма: Прямой
Присоединение / Подключение: Кабель 3x0,34 кв. мм
Световая индикация: Без индикации
Материал корпуса: Пластик
Степень защиты по ГОСТ 14254-96: IP67
Длина кабеля, м: 2
Количество контактов: 3
Способ подключения: Кабель
Соединение: M12
Сопротивление изоляции: >5х10^8 Ом
Сопротивление контакта: ?0,005 Ом
Специальные исполнения: Низкотемпературное исполнение -50°С...+85°С
Вид: Розетка
Схема подключения нагрузки: Универсальная
Тип выходного контакта: Размыкающий
Тип напряжения питания: AC/DC";https://teko-com.ru/product/cs-s19-2-2-c.html
Бесконтактный выключатель ISBtEx AF8A8-31P-10-LZ-C-P-4;Запросить цену;Цена c НДС:;Срок отгрузки: 1-3 дня;"Диаметр резьбового корпуса: M30
Длина в мм.: 65
Размер корпуса, ДxШxДл : M30x1,5x65
Номинальное расстояние срабатывания: 10 мм
Тип корпуса: Цилиндрический резьбовой
Тип монтажа: Встраиваемый
Максимальный рабочий ток, Imax: 400 мА
Диапазон рабочих напряжений, Uраб.: 10...30 В DC
Падение напряжения при Imax, Ud: ?2,5 В
Тип контакта / Структура выхода: PNP Замыкающий
Частота переключения, Fmax: 300 Гц
Присоединение / Подключение: Кабель 3х0,34 мм?, L=4м.
Световая индикация: Есть
Комплексная защита: Есть
Материал корпуса: Д16Т
Степень защиты по ГОСТ 14254-96: IP68
Кол-во проводов: 3
Коэффициент пульсаций питающего напряжения: ?67% Помехозащищён
Способ подключения: Кабель
Диапазон рабочих температур: -45°C...+65°C
Рабочий зазор: 0...8 мм
Со специальными электрическими параметрами: повышенной помехозащищённости
Специальное исполнение: Взрывобезопасное исполнение
Специальное назначение: автотранспортное исполнение
Схема подключения: 3х проводный";https://teko-com.ru/product/isbtex-af8a8-31p-10-lz-c-p-4.html
Бесконтактный выключатель ISN E4A-31P-8-LZ;Запросить цену;Цена c НДС:;Срок отгрузки: 1-3 дня;"Диаметр резьбового корпуса: M18
Длина в мм.: 67
Размер корпуса, ДxШxДл : M18x1x67
Номинальное расстояние срабатывания: 8 мм
Тип корпуса: Цилиндрический резьбовой
Тип монтажа: Невстраиваемый
Максимальный рабочий ток, Imax: 250 мА
Диапазон рабочих напряжений, Uраб.: 10...30 В DC
Падение напряжения при Imax, Ud: ?2,5 В
Тип контакта / Структура выхода: PNP Замыкающий
Частота переключения, Fmax: 300 Гц
Присоединение / Подключение: Кабель 3х0,34 кв. мм
Световая индикация: Есть
Комплексная защита: Есть
Материал корпуса: Д16Т
Степень защиты по ГОСТ 14254-96: IP67
Кол-во проводов: 3
Способ подключения: Кабель
Диапазон рабочих температур: -25°С...+75°С
Рабочий зазор: 0...6,4 мм
Специальное назначение: Общепромышленное исполнение
Схема подключения: 3х проводный";https://teko-com.ru/product/isn-e4a-31p-8-lz.html
Магнитный датчик положения ТЕКО MS FS8P-21-L;Запросить цену;Цена c НДС:;Срок отгрузки: 1-3 дня;"Высота, мм: 6.3
Длина кабеля,м: 2
Длина, мм: 29
Для пневмоцилиндров с Т-пазом: Нет
Индикация: Есть
Кол-во контактов: 2
Комплексная защита: Нет
Корпус: Прямоугольный
Максимальная рабочая температура, °С: 75
Максимальный рабочий ток, мА: 100
Материал корпуса: Пластик
Минимальная рабочая температура, °С: -25
Напряжение питания, В: 5 ... 30
Обозначение материала корпуса: Пластик
Сечение кабеля, мм?: 2x0,15
Способ подключения: Кабель
Степень защиты: IP67
Тип выходного сигнала: Cухой контакт
Тип датчика: Герконовый
Тип напряжения питания: DC
Тип сигнала: Дискретный
Функция переключения: НО Замыкающий
Частота переключения, Гц: 350   
Ширина, мм: 4,3";https://teko-com.ru/product/ms-fs8p-21-l.html
Соединитель CS S20-1-2;Запросить цену;Цена c НДС:;Срок отгрузки: 1-3 дня;"Рабочая температура max, °С : +85
Рабочая температура min, °С : -40
Кодировка: А-код
Максимальный рабочий ток, А: 4
Материал гайки: Латунь
Напряжение питания, В: ?250
Тип разъёма: Угловой
Присоединение / Подключение: Кабель 3x0,34 кв. мм
Световая индикация: Без индикации
Материал корпуса: Пластик
Степень защиты по ГОСТ 14254-96: IP67
Длина кабеля, м: 2
Количество контактов: 3
Способ подключения: Кабель
Соединение: M12
Сопротивление изоляции: >5х10^8 Ом
Сопротивление контакта: ?0,005 Ом
Вид: Розетка
Схема подключения нагрузки: Универсальная
Тип выходного контакта: Замыкающий
Тип напряжения питания: AC/DC";https://teko-com.ru/product/cs-s20-1-2.html
Бесконтактный выключатель CSN E88P-861-20-L;Запросить цену;Цена c НДС:;Срок отгрузки: 1-3 дня;"Диаметр резьбового корпуса: M30
Длина в мм.: 101
Размер корпуса, ДxШxДл : M30x1,5x101
Тип корпуса: Цилиндрический резьбовой
Тип монтажа: Невстраиваемый
Диапазон рабочих напряжений, Uраб.: 24...250 В AC / 24 В DC
Тип контакта / Структура выхода: Реле / Переключающий
Присоединение / Подключение: Кабель ПМВ 5х0,34 мм кв.
Световая индикация: Есть
Материал корпуса: Полимер
Степень защиты по ГОСТ 14254-96: IP67
Диапазон регулировки задержки включения: 2...60 с
Заводская настройка задержки: 2 с
Измерение: Дискретное (пороговое)
Коммутируемый переменный ток: 0,1...4 А
Коммутируемый постоянный ток: 0,1...2 А
Максимально коммутируемое переменное напряжение: 250 В
Максимально коммутируемое постоянное напряжение: 30 В
Номинальное расстояние срабатывания: 20 мм
Принцип измерения: Ёмкостный
Способ подключения: Кабель
Диапазон рабочих температур: -25°С...+75°С
Рабочий зазор: 0...16 мм
Схема подключения: 5ти проводный
Функция выходного сигнала (2): ИЛИ Переключающий";https://teko-com.ru/product/csn-e88p-861-20-l-emk.html
Бесконтактный выключатель DUT E47S8-31N-16-LZ;Запросить цену;Цена c НДС:;Срок отгрузки: 1-3 дня;"Диаметр резьбового корпуса: M12
Длина в мм.: 80
Размер корпуса, ДxШxДл : M12x1x80
Диапазон рабочих напряжений, Uраб.: 15...30 В DC
Индикация питания: Есть
Тип контакта / Структура выхода: Нормально разомкнутый
Присоединение / Подключение: Кабель 3x0,34 мм?
Комплексная защита: Есть
Материал корпуса: 12Х18Н10Т
Степень защиты по ГОСТ 14254-96: IP68 / IP67
Задержка отпускания (фиксированная): 60 с.
Задержка срабатывания: 2 с
Измерение: Дискретное (пороговое)
Индикация срабатывания: Есть
Коэффициент пульсаций питающего напряжения: ?15%
Максимальное давление со стороны чувств. поверхности: 0,15 MПа
Материал чувствительной поверхности: Сталь нержавеющая
Падение напряжения при Iраб: ?2,5В
Принцип измерения: На различии теплопроводностей воздуха и жидкостей
Способ подключения: Кабель
Диапазон рабочих температур: -25°С...+75°С
Собственный ток потребления, Io: ? 100 мА
Схема подключения: 3х проводный
Ток нагрузки: ? 250мА
Функция выходного сигнала (2): НО Замыкающий";https://teko-com.ru/product/dut-e47s8-31n-16-lz.html
Датчик уровня жидкости DUG1-10-1;Запросить цену;Цена c НДС:;Срок отгрузки: 1-3 дня;"Тип корпуса: Поплавковый
Присоединение / Подключение: Кабель ПМВ 3х0,34 кв. мм
Материал корпуса: Д16Т
Степень защиты по ГОСТ 14254-96: IP68
Длина выключателя, мм: 122
Измерение: Дискретное (пороговое)
Количество рабочих циклов при Iраб.=0,1 А; Uраб.<=36 В: ?5х10^5
Коммутируемая мощность для переменного тока: ?7,5 ВА
Коммутируемая мощность для постоянного тока: ?30 Вт
Коммутируемое напряжение, Uраб.: 0,05...125 В AC/DC
Коммутируемый переменный ток: 5х10^ -6...0,25 А
Коммутируемый постоянный ток: 5х10^ -6...1 А
Максимальный уровень (для поплавковых датчиков): до 0,5 м
Величина контролируемого уровня L, мм: 100
Принцип измерения: Поплавковый (магниточувствительный)
Способ подключения: Кабель
Диапазон рабочих температур: -25°С...+75°С
Способ установки: В контакте со средой
Схема подключения: 3х проводный
Тип датчика: Поплавковый
Функция выходного сигнала (2): ИЛИ Переключающий
Число уровней (для поплавковых датчиков): 1";https://teko-com.ru/product/dug1-10-1.html
Кабель VELLEDQ TL5C0.34.BK;240 р.;Цена c НДС:;Срок отгрузки: 1-3 дня;"Защитный слой: Без экрана
Количество проволок: 19
Максимальное напряжение, В: 1000
Материал жилы: медные проволоки
Материал изоляции жилы: Поливинилхлорид (ПВХ)
Минимальный радиус изгиба: 10*D
Наружный диаметр жилы, мм: 0.77
Наружный диаметр изоляции, мм: 1,30±0,05
Сечение проволок: 0.15
Толщина изоляции жилы, мм: 0,25±0,05
Толщина оболочки, мм: 4,8±0,2
Цвет жил: коричневый/синий/черный/белый/серый
Материал оболочки: Полиуретан (ПУ гибкий)
Цвет оболочки: Черный
Число жил: 5
Номинальное сечение, мм2: 0.34
Номинальное напряжение, В: 300
Минимальная рабочая температура, °С: -25
Максимальная рабочая температура, °С: 80";https://teko-com.ru/product/tl5c0-34-bk.html
Кабель VELLEDQ TL4C0.34.BK;180 р.;Цена c НДС:;Срок отгрузки: 1-3 дня;"Защитный слой: Без экрана
Количество проволок: 19
Максимальное напряжение, В: 1000
Материал жилы: медные проволоки
Материал изоляции жилы: Поливинилхлорид (ПВХ)
Минимальный радиус изгиба: 10*D
Наружный диаметр жилы, мм: 0.77
Наружный диаметр изоляции, мм: 1,30±0,05
Сечение проволок: 0.15
Толщина изоляции жилы, мм: 0,25±0,05
Толщина оболочки, мм: 4,5±0,2
Цвет жил: коричневый/синий/черный/белый
Материал оболочки: Полиуретан (ПУ гибкий)
Цвет оболочки: Черный
Число жил: 4
Номинальное сечение, мм2: 0.34
Номинальное напряжение, В: 300
Минимальная рабочая температура, °С: -25
Максимальная рабочая температура, °С: 80";https://teko-com.ru/product/tl4c0-34-bk.html
Кабель VELLEDQ PVC5C0.34P.BK;210 р.;Цена c НДС:;Срок отгрузки: 1-3 дня;"Защитный слой: Экранированный
Количество проволок: 19
Максимальная плотность экрана, %: 85
Максимальное напряжение, В: 1000
Материал жилы: медные проволоки
Материал изоляции жилы: Поливинилхлорид (ПВХ)
Минимальный радиус изгиба: 10*D
Наружный диаметр жилы, мм: 0.77
Наружный диаметр изоляции, мм: 1,30±0,05
Сечение проволок: 0.15
Толщина изоляции жилы, мм: 0,25±0,05
Толщина оболочки, мм: 5,0±0,2
Цвет жил: коричневый/синий/черный/белый/серый
Материал оболочки: Поливинилхлорид (ПВХ)
Цвет оболочки: Черный
Число жил: 5
Номинальное сечение, мм2: 0.34
Номинальное напряжение, В: 300
Минимальная рабочая температура, °С: -25
Максимальная рабочая температура, °С: 80";https://teko-com.ru/product/pvc5c0-34p-bk.html
Кабель VELLEDQ PVC4C0.34P.BK;180 р.;Цена c НДС:;Срок отгрузки: 1-3 дня;"Защитный слой: Экранированный
Количество проволок: 19
Максимальная плотность экрана, %: 85
Максимальное напряжение, В: 1000
Материал жилы: медные проволоки
Материал изоляции жилы: Поливинилхлорид (ПВХ)
Минимальный радиус изгиба: 10*D
Наружный диаметр жилы, мм: 0.77
Наружный диаметр изоляции, мм: 1,30±0,05
Сечение проволок: 0.15
Толщина изоляции жилы, мм: 0,25±0,05
Толщина оболочки, мм: 4,8±0,2
Цвет жил: коричневый/синий/черный/белый
Материал оболочки: Поливинилхлорид (ПВХ)
Цвет оболочки: Черный
Число жил: 4
Номинальное сечение, мм2: 0.34
Номинальное напряжение, В: 300
Минимальная рабочая температура, °С: -25
Максимальная рабочая температура, °С: 80";https://teko-com.ru/product/pvc4c0-34p-bk.html
Кабель VELLEDQ PVC4C0.25P.BK;210 р.;Цена c НДС:;Срок отгрузки: 1-3 дня;"Защитный слой: Экранированный
Количество проволок: 14
Максимальная плотность экрана, %: 85
Максимальное напряжение, В: 1000
Материал жилы: медные проволоки
Материал изоляции жилы: Поливинилхлорид (ПВХ)
Минимальный радиус изгиба: 10*D
Наружный диаметр жилы, мм: 0.67
Наружный диаметр изоляции, мм: 1,10±0,05
Сечение проволок: 0.15
Толщина изоляции жилы, мм: 0,25±0,05
Толщина оболочки, мм: 4,2±0,2
Цвет жил: коричневый/синий/черный/белый
Материал оболочки: Поливинилхлорид (ПВХ)
Цвет оболочки: Черный
Число жил: 4
Номинальное сечение, мм2: 0.25
Номинальное напряжение, В: 300
Минимальная рабочая температура, °С: -25
Максимальная рабочая температура, °С: 80";https://teko-com.ru/product/pvc4c0-25p-bk.html
Кабель VELLEDQ PVC3C0.34P.BK;150 р.;Цена c НДС:;Срок отгрузки: 1-3 дня;"Защитный слой: Экранированный
Количество проволок: 19
Максимальная плотность экрана, %: 85
Максимальное напряжение, В: 1000
Материал жилы: медные проволоки
Материал изоляции жилы: Поливинилхлорид (ПВХ)
Минимальный радиус изгиба: 10*D
Наружный диаметр жилы, мм: 0.77
Наружный диаметр изоляции, мм: 1,30±0,05
Сечение проволок: 0.15
Толщина изоляции жилы, мм: 0,25±0,05
Толщина оболочки, мм: 4,5±0,2
Цвет жил: коричневый/синий/черный
Материал оболочки: Поливинилхлорид (ПВХ)
Цвет оболочки: Черный
Число жил: 3
Номинальное сечение, мм2: 0.34
Номинальное напряжение, В: 300
Минимальная рабочая температура, °С: -25
Максимальная рабочая температура, °С: 80";https://teko-com.ru/product/pvc3c0-34p-bk.html
Кабель VELLEDQ PUR3C0.25.BK;120 р.;Цена c НДС:;Срок отгрузки: 1-3 дня;"Защитный слой: Без экрана
Количество проволок: 14
Максимальное напряжение, В: 1000
Материал жилы: медные проволоки
Материал изоляции жилы: Поливинилхлорид (ПВХ)
Минимальный радиус изгиба: 10*D
Наружный диаметр жилы, мм: 0.67
Наружный диаметр изоляции, мм: 1,10±0,05
Сечение проволок: 0.15
Толщина изоляции жилы, мм: 0,25±0,05
Толщина оболочки, мм: 4,1±0,2
Цвет жил: коричневый/синий/черный
Материал оболочки: Полиуретан (ПУ)
Цвет оболочки: Черный
Число жил: 3
Номинальное сечение, мм2: 0.25
Номинальное напряжение, В: 300
Минимальная рабочая температура, °С: -25
Максимальная рабочая температура, °С: 80";https://teko-com.ru/product/pur3c0-25-bk.html
Бесконтактный выключатель ISB AC4A-43P-8-LZS4;Запросить цену;Цена c НДС:;Срок отгрузки: 1-3 дня;"Диаметр резьбового корпуса: M18
Длина в мм.: 62
Размер корпуса, ДxШxДл : M18x1x62
Номинальное расстояние срабатывания: 8 мм
Тип корпуса: Цилиндрический резьбовой
Тип монтажа: Встраиваемый
Максимальный рабочий ток, Imax: 250 мА
Диапазон рабочих напряжений, Uраб.: 10...30 В DC
Падение напряжения при Imax, Ud: ?2,5 В
Тип контакта / Структура выхода: PNP Переключающий
Частота переключения, Fmax: 600 Гц
Присоединение / Подключение: Соединитель S19, S20
Световая индикация: Есть
Комплексная защита: Есть
Материал корпуса: Д16Т
Степень защиты по ГОСТ 14254-96: IP67
Кол-во проводов: 4
Способ подключения: Разъемно-штекерное
Диапазон рабочих температур: -10°С...+60°С
Рабочий зазор: 0...6,4 мм
Специальное назначение: Общепромышленное исполнение
Схема подключения: 4х проводный";https://teko-com.ru/product/isb-ac4a-43p-8-lzs4.html
Бесконтактный выключатель ISB AC2A-43P-4-LZS4;Запросить цену;Цена c НДС:;Срок отгрузки: 1-3 дня;"Диаметр резьбового корпуса: M12
Длина в мм.: 71
Размер корпуса, ДxШxДл : M12x1x71
Номинальное расстояние срабатывания: 4 мм
Тип корпуса: Цилиндрический резьбовой
Тип монтажа: Встраиваемый
Максимальный рабочий ток, Imax: 250 мА
Диапазон рабочих напряжений, Uраб.: 10...30 В DC
Падение напряжения при Imax, Ud: ?2,5 В
Тип контакта / Структура выхода: PNP Переключающий
Частота переключения, Fmax: 900 Гц
Присоединение / Подключение: Соединитель S19, S20
Световая индикация: Есть
Комплексная защита: Есть
Материал корпуса: Д16Т
Степень защиты по ГОСТ 14254-96: IP67
Кол-во проводов: 4
Способ подключения: Разъемно-штекерное
Диапазон рабочих температур: -25°С...+75°С
Рабочий зазор: 0...3,2 мм
Специальное назначение: Общепромышленное исполнение
Схема подключения: 4х проводный";https://teko-com.ru/product/isb-ac2a-43p-4-lzs4.html
Бесконактный выключатель ISB B2B-31N-3-LZ-C;Запросить цену;Цена c НДС:;Срок отгрузки: 1-3 дня;"Диаметр резьбового корпуса: M12
Длина в мм.: 34,5
Размер корпуса, ДxШxДл : M12x1x34,5
Номинальное расстояние срабатывания: 3 мм
Тип монтажа: Встраиваемый
Максимальный рабочий ток, Imax: 250 мА
Диапазон рабочих напряжений, Uраб.: 10...30 В DC
Падение напряжения при Imax, Ud: ?2 В
Тип контакта / Структура выхода: Нормально разомкнутый (NO)
Частота переключения, Fmax: 900 Гц
Присоединение / Подключение: Кабель 3x0,12 кв. мм
Комплексная защита: Есть
Материал корпуса: ЛС59-1
Степень защиты по ГОСТ 14254-96: IP67
Для жестких условий окружающей среды: температурный диапазон -45°C...+65°C
Защита от переполюсовки: Есть
Индикация срабатывания: Есть
Коэффициент пульсаций питающего напряжения, %: ?15%
Способ подключения: Кабель
Диапазон рабочих температур: -45°C...+65°C
Рабочий зазор: 0...2,4 мм
Схема подключения: 3х проводный";https://teko-com.ru/product/isb-b2b-31n-3-lz-c.html
Соединитель кабельный VELLEDQ M8-F04T-5.0PVC/BK (розетка);1 390 р.;Цена c НДС:;Срок отгрузки: 1-3 дня;"Рабочая температура max, °С : +85
Рабочая температура min, °С : -25
Кодировка: А-код
Максимальный рабочий ток, А: 4
Материал гайки: Латунь никелированная
Материал кабеля: PVC
Напряжение питания, В: 60
Тип разъёма: Прямой
Присоединение / Подключение: Кабель 4x0,25 кв. мм
Световая индикация: Без индикации
Материал корпуса: Пластик
Степень защиты по ГОСТ 14254-96: IP67
Длина кабеля, м: 5
Количество контактов: 4
Способ подключения: Кабель
Соединение: M8
Вид: Розетка
Схема подключения нагрузки: Универсальная
Тип напряжения питания: DC";https://teko-com.ru/product/m8-f04t-5-0pvc-bk.html
Индуктивный датчик ISB AF8A-31P-10-LZ-C;Запросить цену;Цена c НДС:;Срок отгрузки: 1-3 дня;"Диаметр резьбового корпуса: M30
Длина в мм.: 65
Размер корпуса, ДxШxДл : M30x1,5x65
Номинальное расстояние срабатывания: 10 мм
Тип корпуса: Цилиндрический резьбовой
Тип монтажа: Встраиваемый
Максимальный рабочий ток, Imax: 400 мА
Диапазон рабочих напряжений, Uраб.: 10...30 В DC
Падение напряжения при Imax, Ud: ?2,5 В
Тип контакта / Структура выхода: PNP Замыкающий
Частота переключения, Fmax: 300 Гц
Присоединение / Подключение: Кабель 3х0,34 кв. мм
Световая индикация: Есть
Комплексная защита: Есть
Материал корпуса: Д16Т
Степень защиты по ГОСТ 14254-96: IP67
Для жестких условий окружающей среды: температурный диапазон -45°C...+65°C
Кол-во проводов: 3
Способ подключения: Кабель
Диапазон рабочих температур: -45°C...+65°C
Рабочий зазор: 0...8 мм
Специальное исполнение: для низких температур
Схема подключения: 3х проводный";https://teko-com.ru/product/isb-af8a-31p-10-lz-c.html
Блок сопряжения BC N1-1R-AR-DC24-C;Запросить цену;Цена c НДС:;Срок отгрузки: 1-3 дня;"Размер прямоугольного корпуса, ДлxВxШ: 45x75x110
Номинальное напряжение питания, Uном.: 24 В DC
Допустимое напряжение на выходе (оптрон/оптопара): 50 В DC
Допустимое напряжение на выходе (реле): 240 В AC / 60 В DC
Допустимый ток нагрузки (/реле): 1 А (cos ?=0,7)
Допустимый ток нагрузки (оптрон/оптопара): 50 мА
Кол-во подключаемых выключателей: 1
Кол-во релейных выходов: 1
Кол-во электронных выходов: Нет
Масса: 0,2 кг
Номинальное напряжение на выключателе: 8,2 В
Номинальный ток выключателя: 2,2 мА
Порог срабатывания: 1,55...1,75 мА
Порог срабатывания аварийной защиты (короткое замыкание): >6 мА
Порог срабатывания аварийной защиты (обрыв провода выключателя): <0,1 мА
Диапазон рабочих температур: -25°С...+75°С
Сопротивление линии между выключателем и блоком: ?50 Ом
Сопротивление нагрузки выключателя: 1 кОм
Способ крепления: На DIN рейку
Тип аварийного выхода: Реле
Максимальная частота коммутации: 200Гц
Рекомендуемая частота коммутации: не более 2 Гц";https://teko-com.ru/product/namur-bc-n1-1r-ar-dc24-c.html
Оптический датчик Lanbao PSE-TM10DR-E3;1 910 р.;Цена c НДС:;Срок отгрузки: 1-3 дня;"Тип выключателя: Тип Т, излучатель
Тип корпуса: Прямоугольный
Диапазон рабочих напряжений, Uраб.: 10...30 В DC
Присоединение / Подключение: Разъём М8 4pin
Световая индикация: Зеленый — Индикатор питания
Материал корпуса: ABS
Степень защиты по ГОСТ 14254-96: IP67
Дальность действия: 0,3…10 м
Защита от короткого замыкания: Есть
Защита от переполюсовки: Есть
Диапазон рабочих температур: -25°С...+55°С
Собственный ток потребления, Io: ?20 мА
Спектр излучения: Красный свет (630 нм)
Минимальный контролируемый объект: ?? 10 мм непрозрачный объект
Размер корпуса, ДлxВxШ: 20х34х12 мм
Материал лицевой панели: PMMA";https://teko-com.ru/product/pse-tm10dr-e3.html
Бесконтактный выключатель ISN ET6A-43P-10-LZ;Запросить цену;Цена c НДС:;Срок отгрузки: 1-3 дня;"Диаметр резьбового корпуса: M22
Длина в мм.: 90
Размер корпуса, ДxШxДл : M22x1,5x90
Номинальное расстояние срабатывания: 10 мм
Тип корпуса: Цилиндрический резьбовой
Тип монтажа: Невстраиваемый
Максимальный рабочий ток, Imax: 400 мА
Диапазон рабочих напряжений, Uраб.: 10...30 В DC
Падение напряжения при Imax, Ud: ?2,5 В
Тип контакта / Структура выхода: PNP Переключающий
Частота переключения, Fmax: 250 Гц
Присоединение / Подключение: Клеммник
Световая индикация: Есть
Комплексная защита: Есть
Материал корпуса: Д16Т
Степень защиты по ГОСТ 14254-96: IP67
Кол-во проводов: 4
Способ подключения: Клеммы
Диапазон рабочих температур: -25°С...+75°С
Рабочий зазор: 0...8 мм
Схема подключения: 4х проводный";https://teko-com.ru/product/isn-et6a-43p-10-lz.html
Бесконтактный выключатель ISN EC2A-43P-4-LZS4;Запросить цену;Цена c НДС:;Срок отгрузки: 1-3 дня;"Диаметр резьбового корпуса: M12
Длина в мм.: 78
Размер корпуса, ДxШxДл : M12x1x78
Номинальное расстояние срабатывания: 4 мм
Тип корпуса: Цилиндрический резьбовой
Тип монтажа: Невстраиваемый
Максимальный рабочий ток, Imax: 250 мА
Диапазон рабочих напряжений, Uраб.: 10...30 В DC
Падение напряжения при Imax, Ud: ?2,5 В
Тип контакта / Структура выхода: PNP Переключающий
Частота переключения, Fmax: 600 Гц
Присоединение / Подключение: Соединитель S19, S20
Световая индикация: Есть
Комплексная защита: Есть
Материал корпуса: Д16Т
Степень защиты по ГОСТ 14254-96: IP67
Кол-во проводов: 4
Способ подключения: Разъемно-штекерное
Диапазон рабочих температур: -25°С...+75°С
Рабочий зазор: 0...3,2 мм
Специальное назначение: Общепромышленное исполнение
Схема подключения: 4х проводный";https://teko-com.ru/product/isn-ec2a-43p-4-lzs4.html
Магнитный датчик уровня жидкости ТЕКО DUG2-25-1;Запросить цену;Цена c НДС:;Срок отгрузки: 1-3 дня;"Тип корпуса: Поплавковый
Присоединение / Подключение: Провод 3х0,35 кв. мм
Материал корпуса: ЛС59-1
Степень защиты по ГОСТ 14254-96: IP68
Длина выключателя, мм: 276
Количество рабочих циклов при Iраб.=0,1 А; Uраб.<=36 В: ?5х10^5
Коммутируемая мощность для переменного тока: ?7,5 ВА
Коммутируемая мощность для постоянного тока: ?30 Вт
Коммутируемое напряжение, Uраб.: 0,05...125 В AC/DC
Коммутируемый переменный ток: 5х10^ -6...0,25 А
Коммутируемый постоянный ток: 5х10^ -6...1 А
Максимальная мощность, Pmax.: -
Величина контролируемого уровня L, мм: 250
Способ подключения: Кабель
Диапазон рабочих температур: -60°С...+125°С
Схема подключения: 3х проводный
Тип датчика: Поплавковый";https://teko-com.ru/product/dug2-25-1-mag.html
Оптический датчик Akusense PM18-TM20PO;2 220 р.;Цена c НДС:;Срок отгрузки: 1-3 дня;"Размер корпуса, ДxШxДл : M18
Тип корпуса: резьбовой
Время отклика, мс: 8.2
Диапазон рабочих напряжений, Uраб.: 12…30 VDC
Тип контакта / Структура выхода: PNP
Присоединение / Подключение: Кабель
Световая индикация: Зеленый LED (излучатель)/ желтый LED (приемник)
Степень защиты по ГОСТ 14254-96: IP67
Выходной сигнал: Dark on
Защита от короткого замыкания: да
Защита от перегрузки: да
Защита от переполюсовки: да
Материал: никелированная латунь
Номинальное расстояние срабатывания: 20м
Диапазон рабочих температур: -15…55
Собственный ток потребления, Io: ?25
Спектр излучения: Инфракрасный светодиод (длина волны 880 нм)
Тип датчика: Однолучевой световой барьер";https://teko-com.ru/product/pm18-tm20po.html
Бесконтактный выключатель ISN ET8A-31N-15-LZ;Запросить цену;Цена c НДС:;Срок отгрузки: 1-3 дня;"Диаметр резьбового корпуса: M30
Длина в мм.: 97
Размер корпуса, ДxШxДл : M30x1,5x97
Номинальное расстояние срабатывания: 15 мм
Тип корпуса: Цилиндрический резьбовой
Тип монтажа: Невстраиваемый
Максимальный рабочий ток, Imax: 400 мА
Диапазон рабочих напряжений, Uраб.: 10...30 В DC
Падение напряжения при Imax, Ud: ?2,5 В
Тип контакта / Структура выхода: NPN Замыкающий
Частота переключения, Fmax: 100 Гц
Присоединение / Подключение: Клеммник
Световая индикация: Есть
Комплексная защита: Есть
Материал корпуса: Д16Т
Степень защиты по ГОСТ 14254-96: IP67
Кол-во проводов: 3
Способ подключения: Клеммы
Диапазон рабочих температур: -25°С...+75°С
Рабочий зазор: 0...12 мм
Схема подключения: 3х проводный";https://teko-com.ru/product/isn-et8a-31n-15-lz.html
Монтажный комплект АТВ-0304.900 (15 м);Запросить цену;Цена c НДС:;Срок отгрузки: 1-3 дня;;https://teko-com.ru/product/atb-0304-900-15m.html
Бесконтактный выключатель ISB BC41A8-8-N-S4-C;Запросить цену;Цена c НДС:;Срок отгрузки: 1-3 дня;"Диаметр резьбового корпуса: M18
Длина в мм.: 37
Размер корпуса, ДxШxДл : M18x1x37
Номинальное расстояние срабатывания: 8 мм
Тип монтажа: Встраиваемый
Диапазон рабочих напряжений, Uраб.: 7,7...9 В DC
Номинальное напряжение питания, Uном.: 8,2 В DC
Тип контакта / Структура выхода: размыкающий контакт
Частота переключения, Fmax: 600 Гц
Материал корпуса: Д16Т
Степень защиты по ГОСТ 14254-96: IP68
Входное сопротивление согласующего усилителя: 500...1000 Ом
Выходной ток на включение: ?1,8 мА
Выходной ток на отключение: ?1,5 мА
Выходной ток с демпфированным генератором: 0,1...1,0 мА
Выходной ток с недемпфированным генератором: 2,2...6,0 мА
Выходной ток с полностью демпфированным генератором: ?1,0 мА
Выходной ток с полностью недемпфированным генератором: ?2,2 мА
Гистерезис: ?15%
Добавочное сопротивление между выключателем и усилителем: 0...50 Ом
Номинальное входное сопротивление согласующего усилителя (1): 1000 Ом
Способ подключения: Разъемно-штекерное
Пульсация питающих напряжений: ?10%
Диапазон рабочих температур: -45°C...+65°C
Рабочий зазор: 0...6,4 мм
Собственная емкость выключателя: ?30 нФ
Специальное исполнение: Взрывобезопасное исполнение
Схема подключения: 2х проводный
Тип датчика: Индуктивный";https://teko-com.ru/product/isb-bc41a8-8-n-s4-c.html
Соединитель клеммный VELLEDQ M12-M04S (вилка);940 р.;Цена c НДС:;Срок отгрузки: 1-3 дня;"Вид штекера: Угловой с клеммником
Кодировка: А-код
Материал гайки: Латунь
Максимальный рабочий ток, Imax: 4 А
Присоединение / Подключение: Кабель ? 3,5…6,5 мм / max сечение 0,75 кв. мм
Световая индикация: без индикации
Материал корпуса: Пластик
Степень защиты по ГОСТ 14254-96: IP65
Количество контактов: 4
Рабочее напряжение, Uраб: 250 В AC/DC
Диапазон рабочих температур: -25°С … 85°С
Соединение: M12
Сопротивление изоляции: >5х10^8 Ом
Сопротивление контакта: ?0,005 Ом
Вид: Вилка
Схема подключения нагрузки: Универсальная";https://teko-com.ru/product/m12-m04s.html
Бесконтактный выключатель DUT EC472S8-31N-LZR4-C4;Запросить цену;Цена c НДС:;Срок отгрузки: 1-3 дня;"Диаметр резьбового корпуса: M12
Длина в мм.: 66
Размер корпуса, ДxШxДл : M12x1x66
Диапазон рабочих напряжений, Uраб.: 15...32,4 В DC
Индикация питания: Есть (Зеленый)
Тип контакта / Структура выхода: NPN / Нормально разомкнутый (NO)
Комплексная защита: Есть
Материал корпуса: 12Х18Н10Т
Степень защиты по ГОСТ 14254-96: IP68 / IP67
Задержка отпускания (фиксированная): 40 с.
Задержка срабатывания: 2 с
Измерение: Дискретное (пороговое)
Индикация срабатывания: Есть (Красный)
Коэффициент пульсаций питающего напряжения: ?15%
Максимальное давление со стороны чувств. поверхности: 1,0 MПа
Материал чувствительной поверхности: Сталь нержавеющая
Падение напряжения при Iраб: ?1,8 В
Принцип измерения: На различии теплопроводностей воздуха и жидкостей
Способ подключения: Розетка типа РС4ТВ
Диапазон рабочих температур: -50°С...+75°С
Собственный ток потребления, Io: ? 150 мА
Схема подключения: 3х проводный";https://teko-com.ru/product/dut-ec472s8-31n-lzr4-c4.html
Бесконтактный выключатель CSN E47S8-31N-12-LZ;Запросить цену;Цена c НДС:;Срок отгрузки: 1-3 дня;"Диаметр резьбового корпуса: M12
Длина в мм.: 76
Размер корпуса, ДxШxДл : M12x1x76
Тип монтажа: Невстраиваемый
Диапазон рабочих напряжений, Uраб.: 10...30 В DC
Падение напряжения при Iраб, Ud (1): ?1,6 В
Тип контакта / Структура выхода: NPN Замыкающий
Присоединение / Подключение: Кабель 3х0,34 кв.мм
Световая индикация: Есть
Комплексная защита: Есть
Материал корпуса: 12Х18Н10Т
Степень защиты по ГОСТ 14254-96: IP68 / IP67
Гистерезис: 3...15%
Длина чувствительной поверхности L: 12 мм
Задержка срабатывания: 1±0,2 c
Максимальное давление со стороны чувств. поверхности: (20...150) кПа
Максимальный рабочий ток, Iраб.: 400 мА
Материал чувствительной поверхности: Фторопласт
Способ подключения: Кабель
Диапазон рабочих температур: -25°С...+75°С
Схема подключения: 3х проводный
Уровень срабатывания, Hr (вода): 0 ± 3,5 мм
Уровень срабатывания, Hr1 (вода): 0...10 мм
Функция выходного сигнала (2): НО Замыкающий";https://teko-com.ru/product/csn-e47s8-31n-12-lz-emk.html
Бесконтактный выключатель ISBt A8A8-32P-10G-LZ-C-P-0,15;Запросить цену;Цена c НДС:;Срок отгрузки: 1-3 дня;"Диаметр резьбового корпуса: M30
Длина в мм.: 52,5
Размер корпуса, ДxШxДл : M30x1,5x52,5
Номинальное расстояние срабатывания: 10 мм
Тип корпуса: Цилиндрический резьбовой
Тип монтажа: Встраиваемый
Максимальный рабочий ток, Imax: 500 мА
Диапазон рабочих напряжений, Uраб.: 10...30 В DC
Падение напряжения при Imax, Ud: ?2,5 В
Тип контакта / Структура выхода: PNP Замыкающий
Частота переключения, Fmax: 300 Гц
Присоединение / Подключение: Кабель 3х1 кв. мм., L=0,15м
Световая индикация: Есть
Комплексная защита: Есть
Материал корпуса: Д16Т
Степень защиты по ГОСТ 14254-96: IP68
Для жестких условий окружающей среды: датчики высокой степени герметичности IP68
Кол-во проводов: 3
Коэффициент пульсаций питающего напряжения: ?67%
Способ подключения: Кабель
Диапазон рабочих температур: -45°C...+65°C
Рабочий зазор: 0...8 мм
Со специальными электрическими параметрами: повышенной помехозащищённости
Специальное назначение: автотранспортное исполнение
Схема подключения: 3х проводный";https://teko-com.ru/product/isbt-a8a8-32p-10g-lz-c-p-0-15.html
Датчик влажности SH Z51P5-31P-LZ;Запросить цену;Цена c НДС:;Срок отгрузки: 1-3 дня;"Комплексная защита: Есть
Материал корпуса: Пластик ( Tekaform , черный)
Степень защиты по ГОСТ 14254-96: IP65
Время установления выходного сигнала, мин.: 2
Выходной сигнал преобразования относительной влажности: Напряжение 0...10В 0,1В/%RH
Диапазон измерения относительной влажности, % RH: 0...100
Индикация состояния датчика: Есть, 2-х цветный светодиод
Материал фильтра: Алюминий
Напряжение питания постоянного тока, В: 11...30
Погрешность преобразования относительной влажности, не более, % : ±3
Способ подключения: Кабель 3x0,34; L=2м
Рабочая температура, °C: -40...+60
Размер корпуса: ?20x122
Собственный ток потребления, не более, мА: 10
Сопротивление нагрузки, Ом: ? 500
Ток нагрузки, мА: ? 20";https://teko-com.ru/product/sh-z51p5-31p-lz.html
Магнитный датчик положения ТЕКО MS FE8CA6-41-LS401;Запросить цену;Цена c НДС:;Срок отгрузки: 1-3 дня;"Высота, мм: 6.3
Длина, мм: 29
Для пневмоцилиндров с Т-пазом: Да
Индикация: Есть
Кол-во контактов: 3
Комплексная защита: Нет
Корпус: Прямоугольный
Максимальная рабочая температура, °С: 75
Максимальный рабочий ток, мА: 250
Материал корпуса: Алюминий
Минимальная рабочая температура, °С: -25
Напряжение питания, В: 5 ... 30
Обозначение материала корпуса: Д16Т
Способ подключения: Разъем
Степень защиты: IP66
Тип выходного сигнала: Cухой контакт
Тип датчика: Герконовый
Тип напряжения питания: DC
Тип разъема: M8
Тип сигнала: Дискретный
Функция переключения: НО Замыкающий
Частота переключения, Гц: 400
Ширина, мм: 4.3";https://teko-com.ru/product/ms-fe8ca6-41-ls401.html
Магнитный датчик положения ТЕКО MS UN1P-43;Запросить цену;Цена c НДС:;Срок отгрузки: 1-3 дня;"Высота, мм: 14
Длина кабеля,м: 2
Длина, мм: 81
Для пневмоцилиндров с Т-пазом: Нет
Индикация: Нет
Кол-во контактов: 3
Комплексная защита: Нет
Корпус: Прямоугольный
Максимальная рабочая температура, °С: 75
Максимальный рабочий ток, мА: 1000
Материал корпуса: Пластик
Минимальная рабочая температура, °С: -25
Напряжение питания, В: 0,05 ... 220 / 0,05 ... 200
Обозначение материала корпуса: Полиамид
Сечение кабеля, мм?: 3x0,34
Способ подключения: Кабель
Степень защиты: IP67
Тип выходного сигнала: Cухой контакт
Тип датчика: Герконовый
Тип напряжения питания: AC/DC
Тип сигнала: Дискретный
Функция переключения: ИЛИ Переключающий
Частота переключения, Гц: 50
Ширина, мм: 18";https://teko-com.ru/product/ms-un1p-43.html
Соединитель CS S255R-3 (PG9);Запросить цену;Цена c НДС:;Срок отгрузки: 1-3 дня;"Вид штекера: Угловой с клеммником
Кодировка: А-код
Материал гайки: Латунь
Максимальный рабочий ток, Imax: 4 А
Присоединение / Подключение: Кабель ? 3,5...8 мм / max 0,75 кв. мм
Световая индикация: без индикации
Материал корпуса: Пластик
Степень защиты по ГОСТ 14254-96: IP67
Количество контактов: 4
Рабочее напряжение, Uраб: ?60 В AC/DC
Диапазон рабочих температур: -40°С...+90°С
Соединение: M12
Сопротивление изоляции: >5х10^8 Ом
Сопротивление контакта: ?0,005 Ом
Вид: Розетка
Схема подключения нагрузки: Универсальная
Тип выходного контакта: Переключающий";https://teko-com.ru/product/cs-s255r-3-pg9.html
Бесконтактный выключатель ISB AF4A-31P-5-LZ;Запросить цену;Цена c НДС:;Срок отгрузки: 1-3 дня;"Формат, мм: М18х1х65
Напряжение питания, Uраб.: 10...30 В DC
Падение напряжения при Iраб., Ud: «2,5В
Частота переключения, Fmax: 600 Гц
Присоединение / Подключение: Кабель 3х0,34мм2
Комплексная защита: Есть
Материал корпуса: Д16Т
Индикация срабатывания: Есть
Коэффициент пульсаций питающего напряжения: «15%
Номинальный зазор (Сталь 35): 5 мм
Диапазон рабочих температур: -25 С...+75 С
Рабочий зазор (Сталь 35): 0...4 мм
Рабочий ток, Iраб.: «250 мА
Тип контакта : Нормально разомкнутый (NO)
Способ монтажа: Встраиваемый";https://teko-com.ru/product/isb-af4a-31p-5-lz.html
Бесконтактный выключатель ISB B11B-1,5-N;Запросить цену;Цена c НДС:;Срок отгрузки: 1-3 дня;"Диаметр резьбового корпуса: M8
Длина в мм.: 35
Размер корпуса, ДxШxДл : M8x1x35
Номинальное расстояние срабатывания: 1,5 мм
Тип монтажа: Встраиваемый
Диапазон рабочих напряжений, Uраб.: 7,7...9 В DC
Номинальное напряжение питания, Uном.: 8,2 В
Тип контакта / Структура выхода: размыкающий контакт
Частота переключения, Fmax: 1500 Гц
Присоединение / Подключение: Кабель 2х0,12 кв. мм
Материал корпуса: ЛС59-1
Степень защиты по ГОСТ 14254-96: IP67
Входное сопротивление согласующего усилителя: 500...1000 Ом
Выходной ток на включение: ?1,8 мА
Выходной ток на отключение: ?1,5 мА
Выходной ток с демпфированным генератором: 0,1...1,0 мА
Выходной ток с недемпфированным генератором: 2,2...6,0 мА
Гистерезис: ?15%
Добавочное сопротивление между выключателем и усилителем: 0...50 Ом
Кол-во проводов: 2
Номинальное входное сопротивление согласующего усилителя (1): 1000 Ом
Способ подключения: Кабель
Пульсация питающих напряжений: ?10%
Диапазон рабочих температур: -25°С...+75°С
Рабочий зазор: 0...1,2 мм
Собственная емкость выключателя: ?30 нФ
Специальное исполнение: Взрывобезопасное исполнение
Схема подключения: 2х проводный
Тип датчика: Индуктивный";https://teko-com.ru/product/isb-b11b-1-5-n.html
Бесконтактный выключатель ISB AC2A-31P-4-LZS4;Запросить цену;Цена c НДС:;Срок отгрузки: 1-3 дня;"Диаметр резьбового корпуса: M12
Длина в мм.: 71
Размер корпуса, ДxШxДл : M12x1x71
Номинальное расстояние срабатывания: 4 мм
Тип корпуса: Цилиндрический резьбовой
Тип монтажа: Встраиваемый
Максимальный рабочий ток, Imax: 250 мА
Диапазон рабочих напряжений, Uраб.: 10...30 В DC
Падение напряжения при Imax, Ud: ?2,5 В
Тип контакта / Структура выхода: PNP Замыкающий
Частота переключения, Fmax: 900 Гц
Присоединение / Подключение: Соединитель S19, S20
Световая индикация: Есть
Комплексная защита: Есть
Материал корпуса: Д16Т
Степень защиты по ГОСТ 14254-96: IP67
Коэффициент пульсаций питающего напряжения: ?15%
Способ подключения: Разъемно-штекерное
Диапазон рабочих температур: -25°С...+75°С
Рабочий зазор: 0...3,2 мм
Специальное назначение: Общепромышленное исполнение
Схема подключения: 3х проводный";https://teko-com.ru/product/isb-ac2a-31p-4-lzs4.html
Бесконтактный выключатель ISB BC4A-31P-5-LS4;Запросить цену;Цена c НДС:;Срок отгрузки: 1-3 дня;"Диаметр резьбового корпуса: M18
Длина в мм.: 44
Размер корпуса, ДxШxДл : M18x1x44
Номинальное расстояние срабатывания: 5 мм
Тип корпуса: Цилиндрический резьбовой
Тип монтажа: Встраиваемый
Максимальный рабочий ток, Imax: 250 мА
Диапазон рабочих напряжений, Uраб.: 10...30 В DC
Падение напряжения при Imax, Ud: ?1,5 В
Тип контакта / Структура выхода: PNP Замыкающий
Частота переключения, Fmax: 600 Гц
Присоединение / Подключение: Соединитель S19, S20
Световая индикация: Есть
Комплексная защита: Нет
Материал корпуса: Д16Т
Степень защиты по ГОСТ 14254-96: IP67
Кол-во проводов: 3
Способ подключения: Разъемно-штекерное
Диапазон рабочих температур: -25°С...+75°С
Рабочий зазор: 0...4 мм
Схема подключения: 3х проводный";https://teko-com.ru/product/isb-bc4a-31p-5-ls4.html
Датчик уровня емкостный ВТИЮ.3221.1-001;Запросить цену;Цена c НДС:;Срок отгрузки: 1-3 дня;"Рабочая жидкость: Охлаждающая жидкость на основе моноэтиленгликоля, вода
Номинальный уровень срабатывания, мм: 18 мм
Диапазон рабочих напряжений, Uраб.: 9...32 В DC
Изменение уровня в диапазоне рабочих температур: ±5 мм
Номинальное напряжение питания, Uном.: 12 В / 24 В DC
Диапазон температур окружающей среды: -45°С...+105°С
Диапазон температур рабочей жидкости: -45°С...+125°С
Материал корпуса: ЛС59-1
Степень защиты по ГОСТ 14254-96: IР68
Гистерезис: ?10 мм
Задержка срабатывания: 5 с
Коэффициент пульсаций питающего напряжения: ?3 мм
Материал чувствительной поверхности: POM
Падение напряжения при Iраб: ?0,5В
Принцип измерения: Ёмкостный
Способ подключения: Разъемно-штекерное
Структура выхода: NPN
Функция выходного сигнала (2): НЗ Размыкающий";https://teko-com.ru/product/vtiju-3221-1-001.html
Кабель VELLEDQ PVC3C0.34.BK;90 р.;Цена c НДС:;Срок отгрузки: 1-3 дня;"Защитный слой: Без экрана
Количество проволок: 19
Максимальное напряжение, В: 1000
Материал жилы: медные проволоки
Материал изоляции жилы: Поливинилхлорид (ПВХ)
Минимальный радиус изгиба: 10*D
Наружный диаметр жилы, мм: 0.77
Наружный диаметр изоляции, мм: 1,30±0,05
Сечение проволок: 0.15
Толщина изоляции жилы, мм: 0,25±0,05
Толщина оболочки, мм: 4,5±0,2
Цвет жил: коричневый/синий/черный
Материал оболочки: Поливинилхлорид (ПВХ)
Цвет оболочки: Черный
Число жил: 3
Номинальное сечение, мм2: 0.34
Номинальное напряжение, В: 300
Минимальная рабочая температура, °С: -25
Максимальная рабочая температура, °С: 80";https://teko-com.ru/product/pvc3c0-34-bk.html
Кабель VELLEDQ PUR5C0.34.BK;210 р.;Цена c НДС:;Срок отгрузки: 1-3 дня;"Защитный слой: Без экрана
Количество проволок: 19
Максимальное напряжение, В: 1000
Материал жилы: медные проволоки
Материал изоляции жилы: Поливинилхлорид (ПВХ)
Минимальный радиус изгиба: 10*D
Наружный диаметр жилы, мм: 0.77
Наружный диаметр изоляции, мм: 1,30±0,05
Сечение проволок: 0.15
Толщина изоляции жилы, мм: 0,25±0,05
Толщина оболочки, мм: 4,8±0,2
Цвет жил: коричневый/синий/черный/белый/серый
Материал оболочки: Полиуретан (ПУ)
Цвет оболочки: Черный
Число жил: 5
Номинальное сечение, мм2: 0.34
Номинальное напряжение, В: 300
Минимальная рабочая температура, °С: -25
Максимальная рабочая температура, °С: 80";https://teko-com.ru/product/pur5c0-34-bk.html
Кабель VELLEDQ PUR4C0.34.BK;180 р.;Цена c НДС:;Срок отгрузки: 1-3 дня;"Защитный слой: Без экрана
Количество проволок: 19
Максимальное напряжение, В: 1000
Материал жилы: медные проволоки
Материал изоляции жилы: Поливинилхлорид (ПВХ)
Минимальный радиус изгиба: 10*D
Наружный диаметр жилы, мм: 0.77
Наружный диаметр изоляции, мм: 1,30±0,05
Сечение проволок: 0.15
Толщина изоляции жилы, мм: 0,25±0,05
Толщина оболочки, мм: 4,5±0,2
Цвет жил: коричневый/синий/черный/белый
Материал оболочки: Полиуретан (ПУ)
Цвет оболочки: Черный
Число жил: 4
Номинальное сечение, мм2: 0.34
Номинальное напряжение, В: 300
Минимальная рабочая температура, °С: -25
Максимальная рабочая температура, °С: 80";https://teko-com.ru/product/pur4c0-34-bk.html
Кабель VELLEDQ PUR3C0.34.BK;150 р.;Цена c НДС:;Срок отгрузки: 1-3 дня;"Защитный слой: Без экрана
Количество проволок: 19
Максимальное напряжение, В: 1000
Материал жилы: медные проволоки
Материал изоляции жилы: Поливинилхлорид (ПВХ)
Минимальный радиус изгиба: 10*D
Наружный диаметр жилы, мм: 0.77
Наружный диаметр изоляции, мм: 1,30±0,05
Сечение проволок: 0.15
Толщина изоляции жилы, мм: 0,25±0,05
Толщина оболочки, мм: 4,5±0,2
Цвет жил: коричневый/синий/черный
Материал оболочки: Полиуретан (ПУ)
Цвет оболочки: Черный
Число жил: 3
Номинальное сечение, мм2: 0.34
Номинальное напряжение, В: 300
Минимальная рабочая температура, °С: -25
Максимальная рабочая температура, °С: 80";https://teko-com.ru/product/pur3c0-34-bk.html
Соединитель клеммный VELLEDQ M8-M04S (вилка);970 р.;Цена c НДС:;Срок отгрузки: 1-3 дня;"Вид штекера: Угловой с клеммником
Кодировка: А-код
Материал гайки: Латунь
Максимальный рабочий ток, Imax: 4 А
Присоединение / Подключение: Кабель ? 3,5…6,5 мм / сечение 0,14... 0,5 кв. мм
Световая индикация: без индикации
Материал корпуса: Пластик
Степень защиты по ГОСТ 14254-96: IP65
Количество контактов: 4
Рабочее напряжение, Uраб: ?60 В AC/DC
Диапазон рабочих температур: -25°С … 85°С
Соединение: M8
Сопротивление изоляции: >5х10^8 Ом
Сопротивление контакта: ?0,005 Ом
Вид: Вилка
Схема подключения нагрузки: Универсальная";https://teko-com.ru/product/m8-m04s.html
Бесконтактный выключатель CSN E87P5-43N-20-LZ;Запросить цену;Цена c НДС:;Срок отгрузки: 1-3 дня;"Диаметр резьбового корпуса: M30
Длина в мм.: 87,5
Размер корпуса, ДxШxДл : M30x1,5x87,5
Номинальное расстояние срабатывания: 20 мм
Тип корпуса: Цилиндрический резьбовой
Тип монтажа: Невстраиваемый
Диапазон рабочих напряжений, Uраб.: 10...30 В DC
Тип контакта / Структура выхода: Переключающий
Частота переключения, Fmax: 25 Гц
Присоединение / Подключение: Кабель 4х0,25 кв.мм
Световая индикация: Есть
Комплексная защита: Есть
Материал корпуса: Полимер (РВТ)
Степень защиты по ГОСТ 14254-96: IP65
Гистерезис: 3...15%
Измерение: Дискретное (пороговое)
Коэффициент пульсаций питающего напряжения: ?15%
Падение напряжения при Iраб: ?2,5В
Принцип измерения: Ёмкостный
Способ подключения: Кабель
Диапазон рабочих температур: -25°С...+75°С
Рабочий зазор: 0...16 мм
Рабочий ток, Iраб.: ?400 мА
Схема подключения: 3х проводный
Функция выходного сигнала (2): ИЛИ Переключающий";https://teko-com.ru/product/csn-e87p5-43n-20-lz.html
Бесконтактный выключатель ISN E4A-31N-8-LZ;Запросить цену;Цена c НДС:;Срок отгрузки: 1-3 дня;"Диаметр резьбового корпуса: M18
Длина в мм.: 67
Размер корпуса, ДxШxДл : M18x1x67
Номинальное расстояние срабатывания: 8 мм
Тип корпуса: Цилиндрический резьбовой
Тип монтажа: Невстраиваемый
Максимальный рабочий ток, Imax: 250 мА
Диапазон рабочих напряжений, Uраб.: 10...30 В DC
Падение напряжения при Imax, Ud: ?2,5 В
Тип контакта / Структура выхода: NPN Замыкающий
Частота переключения, Fmax: 300 Гц
Присоединение / Подключение: Кабель 3х0,34 кв. мм
Световая индикация: Есть
Комплексная защита: Есть
Материал корпуса: Д16Т
Степень защиты по ГОСТ 14254-96: IP67
Кол-во проводов: 3
Способ подключения: Кабель
Диапазон рабочих температур: -25°С...+75°С
Рабочий зазор: 0...6,4 мм
Специальное назначение: Общепромышленное исполнение
Схема подключения: 3х проводный";https://teko-com.ru/product/isn-e4a-31n-8-lz.html
Бесконтактный выключатель IV21B AF81A5-02G-10-L;Запросить цену;Цена c НДС:;Срок отгрузки: 1-3 дня;"Диаметр резьбового корпуса: M30
Длина в мм.: 100
Размер корпуса, ДxШxДл : M30x1,5x100
Номинальное расстояние срабатывания: 10 мм
Тип корпуса: Цилиндрический резьбовой
Тип монтажа: Встраиваемый
Диапазон рабочих напряжений, Uраб.: 90...250 В AC
Остаточный ток: 2,5 мА
Падение напряжения при Iраб., Ud: ?7,5 В
Тип контакта / Структура выхода: Размыкающий
Присоединение / Подключение: Кабель 3х0,34 кв. мм
Заземляющий вывод: Есть
Комплексная защита: Нет
Материал корпуса: Д16Т
Степень защиты по ГОСТ 14254-96: IP65
Диапазон рабочих токов, Iраб.: 10...500 мА
Диапазон регулировки: 2...50 Гц
Задержка срабатывания: 9 ± 2 c
Импульсный ток, Iимп. При t=20 мс: 8A f=1 Гц
Индикация импульсов воздействия: Есть (красный)
Индикация минимальной скорости: Есть (желтый)
Способ подключения: Кабель
Диапазон рабочих температур: -25°С...+75°С
Рабочий зазор: 0...8 мм
Решение специальных задач: для контроля минимальной скорости
Схема подключения: 2х проводный";https://teko-com.ru/product/iv21b-af81a5-02g-10-l.html
Бесконтактный выключатель ISB B11B-31P-1,5-L;Запросить цену;Цена c НДС:;Срок отгрузки: 1-3 дня;"Диаметр резьбового корпуса: M8
Длина в мм.: 35
Размер корпуса, ДxШxДл : M8x1x35
Номинальное расстояние срабатывания: 1,5 мм
Тип корпуса: Цилиндрический резьбовой
Тип монтажа: Встраиваемый
Максимальный рабочий ток, Imax: 200 мА
Диапазон рабочих напряжений, Uраб.: 10...30 В DC
Падение напряжения при Imax, Ud: ?1,5 В
Тип контакта / Структура выхода: PNP Замыкающий
Частота переключения, Fmax: 1500 Гц
Присоединение / Подключение: Кабель 3x0,12 кв. мм
Световая индикация: Есть
Комплексная защита: Нет
Материал корпуса: ЛС59-1
Степень защиты по ГОСТ 14254-96: IP67
Кол-во проводов: 3
Способ подключения: Кабель
Диапазон рабочих температур: -25°С...+75°С
Рабочий зазор: 0...1,2 мм
Схема подключения: 3х проводный";https://teko-com.ru/product/isb-b11b-31p-1-5-l.html
Датчик температуры TA CG31P8-CC-U-18-2;Запросить цену;Цена c НДС:;Срок отгрузки: 1-3 дня;"Материал корпуса: Текаформ (POM-C)
Степень защиты по ГОСТ 14254-96: IP68
Временная константа T63: 5 мин. при скорости воздуха 0,5 м / с
Габариты устройства, мм: ?14х74,5
Диапазон измерения температуры: -15°С < ta < +45°С
Номинальное напряжение, Uном: 10 В DC
Номинальное сопротивление при 25 °С: 18 кОм
Способ подключения: Кабель 2х0,34; L=2м
Диапазон рабочих температур: -40°С< ta <+85°С";https://teko-com.ru/product/ta-cg31p8-cc-u-18-2.html
Датчик контроля ограждения ДКО-7202;Запросить цену;Цена c НДС:;Срок отгрузки: 1-3 дня;"Сопротивление на замкнутых контактах, не более: 0,15 Ом
Тип контакта / Структура выхода: Переключающий
Частота переключения, Fmax: 50 Гц
Материал корпуса: Полиамид
Степень защиты по ГОСТ 14254-96: IP67
Гистерезис: 1 мм …5 мм
Защита от короткого замыкания нагрузки: нет
Индикация срабатывания: Нет
Коммутируемая мощность, не более: для активной нагрузки 30 Bт, для индуктивной нагрузки 1,5ВА
Масса, не более: 0,2 кг
Номинальное расстояние срабатывания: 10 мм
Способ подключения: Провод ПМВМ 3х0,34мм?; L=2м*
Рабочее напряжение, Uраб: 200 В DC/220 В AC
Диапазон рабочих температур: -45°С…+60°С
Рабочий зазор: 0...10 мм
Рабочий ток (ток нагрузки), Iраб.: до 1 A";https://teko-com.ru/product/dko-7202.html
Бесконтактный выключатель ISBt A4A8-32P-5F-LZ-C-P;Запросить цену;Цена c НДС:;Срок отгрузки: 1-3 дня;"Диаметр резьбового корпуса: M18
Длина в мм.: 52,5
Размер корпуса, ДxШxДл : M18x1x52,5
Номинальное расстояние срабатывания: 5 мм
Тип корпуса: Цилиндрический резьбовой
Тип монтажа: Встраиваемый
Максимальный рабочий ток, Imax: 400 мА
Диапазон рабочих напряжений, Uраб.: 10...30 В DC
Падение напряжения при Imax, Ud: ?2,5 В
Тип контакта / Структура выхода: PNP Размыкающий
Частота переключения, Fmax: 600 Гц
Присоединение / Подключение: Кабель 3х1 кв. мм
Световая индикация: Есть
Комплексная защита: Есть
Материал корпуса: Д16Т
Степень защиты по ГОСТ 14254-96: IP68
Коэффициент пульсаций питающего напряжения: ?67%
Способ подключения: Кабель
Диапазон рабочих температур: -45°C...+65°C
Рабочий зазор: 0...4 мм
Со специальными электрическими параметрами: повышенной помехозащищённости
Специальное назначение: автотранспортное исполнение
Схема подключения: 3х проводный";https://teko-com.ru/product/isbt-a4a8-32p-5f-lz-c-p.html
Бесконтактный выключатель ISB B1B-31N-1,5-L-C;Запросить цену;Цена c НДС:;Срок отгрузки: 1-3 дня;"Диаметр резьбового корпуса: M8
Длина в мм.: 35
Размер корпуса, ДxШxДл : M8x0,5x35
Номинальное расстояние срабатывания: 1,5 мм
Тип корпуса: Цилиндрический резьбовой
Тип монтажа: Встраиваемый
Максимальный рабочий ток, Imax: 200 мА
Диапазон рабочих напряжений, Uраб.: 10...30 В DC
Падение напряжения при Imax, Ud: ?1,5 В
Тип контакта / Структура выхода: NPN Замыкающий
Частота переключения, Fmax: 1500 Гц
Присоединение / Подключение: Кабель 3x0,12 кв. мм
Световая индикация: Есть
Комплексная защита: Нет
Материал корпуса: ЛС59-1
Степень защиты по ГОСТ 14254-96: IP67
Для жестких условий окружающей среды: температурный диапазон -45°C...+65°C
Кол-во проводов: 3
Коэффициент пульсаций питающего напряжения: ?15%
Способ подключения: Кабель
Диапазон рабочих температур: -45°C...+65°C
Рабочий зазор: 0...1,2 мм
Схема подключения: 3х проводный";https://teko-com.ru/product/isb-b1b-31n-1-5-l-c.html
Соединитель CS S19-2-2;Запросить цену;Цена c НДС:;Срок отгрузки: 1-3 дня;"Рабочая температура max, °С : +85
Рабочая температура min, °С : -40
Кодировка: А-код
Максимальный рабочий ток, А: 4
Материал гайки: Латунь
Напряжение питания, В: ?250
Тип разъёма: Прямой
Присоединение / Подключение: Кабель 3x0,34 кв. мм
Световая индикация: Без индикации
Материал корпуса: Пластик
Степень защиты по ГОСТ 14254-96: IP67
Длина кабеля, м: 2
Количество контактов: 3
Способ подключения: Кабель
Соединение: M12
Сопротивление изоляции: >5х10^8 Ом
Сопротивление контакта: ?0,005 Ом
Вид: Розетка
Схема подключения нагрузки: Универсальная
Тип выходного контакта: Размыкающий
Тип напряжения питания: AC/DC";https://teko-com.ru/product/cs-s19-2-2.html
Магнитный датчик положения ТЕКО MS A28P-22;Запросить цену;Цена c НДС:;Срок отгрузки: 1-3 дня;"Диаметр цилиндрического корпуса: М12x1
Длина кабеля,м: 2
Длина цилиндрического корпуса, мм: 104
Для пневмоцилиндров с Т-пазом: Нет
Индикация: Нет
Кол-во контактов: 2
Комплексная защита: Нет
Корпус: Цилиндрический резьбовой
Максимальная рабочая температура, °С: 75
Максимальный рабочий ток, мА: 500
Материал корпуса: Пластик
Минимальная рабочая температура, °С: -25
Напряжение питания, В: 0,05 ... 150
Обозначение материала корпуса: Пластик
Сечение кабеля, мм?: 2x0,35
Способ подключения: Кабель
Степень защиты: IP55
Тип выходного сигнала: Cухой контакт
Тип датчика: Герконовый
Тип напряжения питания: AC/DC
Тип сигнала: Дискретный
Функция переключения: НЗ Размыкающий
Частота переключения, Гц: 250";https://teko-com.ru/product/ms-a28p-22.html
Бесконтактный выключатель ISB A11B-31P-1,5-L-C;Запросить цену;Цена c НДС:;Срок отгрузки: 1-3 дня;"Диаметр резьбового корпуса: M8
Длина в мм.: 50
Размер корпуса, ДxШxДл : M8x1x50
Номинальное расстояние срабатывания: 1,5 мм
Тип корпуса: Цилиндрический резьбовой
Тип монтажа: Встраиваемый
Максимальный рабочий ток, Imax: 200 мА
Диапазон рабочих напряжений, Uраб.: 10...30 В DC
Падение напряжения при Imax, Ud: ?1,5 В
Тип контакта / Структура выхода: PNP Замыкающий
Частота переключения, Fmax: 1500 Гц
Присоединение / Подключение: Кабель 3x0,12 кв. мм
Световая индикация: Есть
Комплексная защита: Нет
Материал корпуса: ЛС59-1
Степень защиты по ГОСТ 14254-96: IP67
Для жестких условий окружающей среды: температурный диапазон -45°C...+65°C
Кол-во проводов: 3
Способ подключения: Кабель
Диапазон рабочих температур: -45°C...+65°C
Рабочий зазор: 0...1,2 мм
Схема подключения: 3х проводный";https://teko-com.ru/product/isb-a11b-31p-1-5-l-c.html
Индуктивный датчик ТЕКО ISBt BC73P8-43P-10-LZR91-C-V-P-0,2;Запросить цену;Цена c НДС:;Срок отгрузки: 1-3 дня;"Индикация: Есть
Корпус: Цилиндрический резьбовой
Функция переключения: ИЛИ Переключающий
Частота переключения, Гц: 300
Длина цилиндрического корпуса, мм: 54,5
Монтаж: Встраиваемый
Напряжение питания, В: 10 ... 30
Расстояние срабатывания, мм: 10
Специальные электрические параметры: Повышенной помехозащищённости
Тип разъёма: Superseal 1,5
Комплексная защита: Есть
Материал корпуса: Пластик
Длина кабеля, м: 0,2
Количество контактов: 4
Максимальный рабочий ток, мА: 400
Минимальная рабочая температура, °C: -45
Способ подключения: Разъемно-штекерное
Специальное исполнение: Автотранспортное исполнение
Структура выхода: PNP
Степень защиты: IP68
Тип напряжения питания: DC
Максимальная рабочая температура, °С: 65";https://teko-com.ru/product/isbt-bc73p8-43p-10-lzr91-c-v-p-0-2.html
Оптический датчик Akusense PTE-TM10AP;2 220 р.;Цена c НДС:;Срок отгрузки: 1-3 дня;"Время отклика, мс: 6.6
Размер корпуса, ДxШxДл : 31x20x11
Тип выключателя: Однолучевой световой барьер
Тип корпуса: прямоугольный
Диапазон рабочих напряжений, Uраб.: 10…30 DC
Тип контакта / Структура выхода: PNP
Присоединение / Подключение: кабель, 2M/3 cores cable, ? 4мм
Материал корпуса: Стекловолокно (корпус), РММА (изл. поверхность)
Степень защиты по ГОСТ 14254-96: IP65
Выходной сигнал: light on/ dark on на выбор
Допустимая освещенность окружающей среды: Солнечный свет?10000Lux?лампы накаливания?3000Lux
Защита от короткого замыкания: да
Защита от перегрузки: нет
Защита от переполюсовки: да
Диапазон рабочих температур: -25…55
Собственный ток потребления, Io: ?15
Спектр излучения: Инфракрасный светодиод (длина волны 623нм)";https://teko-com.ru/product/pte-tm10ap.html
Бесконтактный выключатель ISB I1P-31N-5-LZ;Запросить цену;Цена c НДС:;Срок отгрузки: 1-3 дня;"Размер прямоугольного корпуса, ДлxВxШ: 20х28х66
Номинальное расстояние срабатывания: 5 мм
Тип корпуса: Прямоугольный
Тип монтажа: Встраиваемый
Максимальный рабочий ток, Imax: 400 мА
Диапазон рабочих напряжений, Uраб.: 10...30 В DC
Падение напряжения при Imax, Ud: ?2,5 В
Тип контакта / Структура выхода: NPN Замыкающий
Частота переключения, Fmax: 600 Гц
Присоединение / Подключение: Кабель 3х0,34 кв. мм
Световая индикация: Есть
Комплексная защита: Есть
Материал корпуса: Полистирол
Степень защиты по ГОСТ 14254-96: IP67
Кол-во проводов: 3
Способ подключения: Кабель
Диапазон рабочих температур: -25°С...+75°С
Рабочий зазор: 0...4 мм
Схема подключения: 3х проводный";https://teko-com.ru/product/isb-i1p-31n-5-lz.html
Блок контроля частоты CF1-1-G-E;Запросить цену;Цена c НДС:;Срок отгрузки: 1-3 дня;"Формат, мм: 90х65х17,5
Напряжение питания, Uраб.: 10...32 В DC
Комплексная защита: Есть
Степень защиты по ГОСТ 14254-96: IP20
Входное сопротивление: 3000...5000 Ом
Выходное сопротивление, Ом: 4700
Группа: Блок контроля частоты
Диапазон входного сигнала, В: 0...Uпит
Диапазон контролируемых частот: 0,1...2,5 Гц; 2...50 Гц;
Ёмкость нагрузки: ?0,47 мкФ
Задержка срабатывания после подачи питания, с: 9 ± 2
Защита от обратной полярности: Есть
Защита от противо-ЭДС индуктивной нагрузки: Есть
Диапазон рабочих температур: -45°C...+65°C
Рабочий ток (ток нагрузки), Iраб.: ?500 мА
Световая индикация входного сигнала, : Есть (красный индикатор)
Световая индикация напряжения питания, : Есть (зелёный индикатор)
Световая индикация срабатывания, : Есть (жёлтый индикатор)
Сечение присоединяемых проводов: 0,5...1,5 мм.кв
Структура выхода: 1PNP; 1NPN
Тип контакта : NO; NC;
Уровень пульсации питающего напряжения: ?67%
Способ монтажа: DIN рейка";https://teko-com.ru/product/cf1-1-g-e.html
